,plot_key,date.x,light_dark,time_in,time_out,ch4_umol_m2_s,co2_umol_m2_s,ch4_mgCH4_m2_d,co2_gC_m2_d,avg_par,surface_temp,air_temp,x5cm_soil_temp,x12cm_soil_temp,soil_moisture_avg,vegetation_avg,functional_group,prevelant_vegetation,chamber_mean_temp,slope_aspect,soil_depth_1,soil_depth_2,soil_depth_3,soil_depth_avg,vegetation_height_1,vegetation_height_2,vegetation_height_3,vegetation_height_4,vegetation_height_5,date.y,veg_height_mean,veg_height_max,veg_height_sd,soil_depth_min,soil_depth_max,total_cover_all,cover_Prostrate.Shrub,cover_Barren,cover_Graminoid,cover_Forb,cover_Erect.Shrub,prop_Prostrate.Shrub,prop_Barren,prop_Graminoid,prop_Forb,prop_Erect.Shrub,richness,H,evenness,cover_shrub,cover_graminoid,cover_forb,cover_moss,cover_lichen,shrub_to_herb,bryo_lichen_sum,gcc_mean,gcc_med,gcc_p90,exg_mean,vari_mean,bulk_density_g_cm3,volumetric_water_content_percent,total_n,no3_n,nh4_n,p,k,ca,mg,s,fe,mn,cu,zn,b,al,cd,date,p_h,ER_umol_m2_s,GPP_umol_m2_s,ER_gC_m2_d,GPP_gC_m2_d,bm_forb,bm_moss_lichen,bm_shrub,bm_dead,bm_graminoid,bm_biomass_total_g,bm_prop_forb,bm_prop_moss_lichen,bm_prop_shrub,bm_prop_dead,bm_prop_graminoid,total_N,total_C,LOI_mean,LOI_sd,inorg_C,Lat,Lon,Elevation (ft)
1,Cas_1,7/21/2025,D,19:53,19:59,-0.000130135,2.408993049,-0.180348676,2.497643993,2038,19.7,21.2,13,9.9,18.23333333,3,Prostrate Shrub,Net-leaved Willow,18.23,7,5.1,34,34,24.36666667,3,4,3,5,2,7/21/2025,3.4,5,1.140175425,5.1,34,100,100,0,0,0,0,1,0,0,0,0,1,0,NA,100,0,0,0,0,100000000,0,0.396710254,0.40060241,0.479591837,0.164413775,-31.19591325,NA,NA,NA,NA,NA,NA,NA,NA,NA,NA,NA,NA,NA,NA,NA,NA,NA,8/6/2025,NA,2.408993049,3.365487976,2.497643993,3.489337934,NA,NA,NA,NA,NA,NA,NA,NA,NA,NA,NA,0.39,6.07,NA,NA,NA,59.29098,-129.75737,5590
2,Cas_1,7/21/2025,L,19:48,19:53,0.000523498,-0.956494927,0.725492195,-0.99169394,2038,19.7,21.2,13,9.9,18.23333333,3,Prostrate Shrub,Net-leaved Willow,18.23,7,5.1,34,34,24.36666667,3,4,3,5,2,7/21/2025,3.4,5,1.140175425,5.1,34,100,100,0,0,0,0,1,0,0,0,0,1,0,NA,100,0,0,0,0,100000000,0,0.396710254,0.40060241,0.479591837,0.164413775,-31.19591325,NA,NA,NA,NA,NA,NA,NA,NA,NA,NA,NA,NA,NA,NA,NA,NA,NA,8/6/2025,NA,2.408993049,3.365487976,2.497643993,3.489337934,NA,NA,NA,NA,NA,NA,NA,NA,NA,NA,NA,0.39,6.07,NA,NA,NA,NA,NA,NA
3,Cas_10,7/21/2025,D,20:11,20:14,-0.000096,1.392917774,-0.133013526,1.444177148,1507,25.2,19.7,14.8,9.7,15.63333333,21,Graminoid,Meadow,18.23,8,21,46,26,31,23,20,18,23,21,7/21/2025,21,23,2.121320344,21,46,100,15,5,80,0,0,0.15,0.05,0.8,0,0,3,0.612869452,0.557857816,15,80,0,0,0,0.187499998,0,0.352364315,0.343137255,0.409836066,0.063924417,-42.07953891,NA,NA,NA,NA,NA,NA,NA,NA,NA,NA,NA,NA,NA,NA,NA,NA,NA,8/6/2025,NA,1.392917774,2.80458199,1.444177148,2.907790608,NA,NA,NA,NA,NA,NA,NA,NA,NA,NA,NA,0.27,3.45,NA,NA,NA,59.29094,-129.7574,5590
4,Cas_10,7/21/2025,L,20:06,20:11,-0.000494292,-1.411664216,-0.68501796,-1.463613459,1507,25.2,19.7,14.8,9.7,15.63333333,21,Graminoid,Meadow,18.23,8,21,46,26,31,23,20,18,23,21,7/21/2025,21,23,2.121320344,21,46,100,15,5,80,0,0,0.15,0.05,0.8,0,0,3,0.612869452,0.557857816,15,80,0,0,0,0.187499998,0,0.352364315,0.343137255,0.409836066,0.063924417,-42.07953891,NA,NA,NA,NA,NA,NA,NA,NA,NA,NA,NA,NA,NA,NA,NA,NA,NA,8/6/2025,NA,1.392917774,2.80458199,1.444177148,2.907790608,NA,NA,NA,NA,NA,NA,NA,NA,NA,NA,NA,0.27,3.45,NA,NA,NA,NA,NA,NA
5,Cas_100,7/22/2025,D,20:23,20:28,-0.001138435,3.432439993,-1.577706852,3.558753784,458,19.3,15.1,11.7,10.1,30.3,2,Prostrate Shrub,Arctic Willow,21.1334375,0,25,18,24,22.33333333,3,0,5,3,1,7/22/2025,2.4,5,1.949358869,18,25,100,40,30,15,15,0,0.4,0.3,0.15,0.15,0,4,1.29684413,0.935475297,40,15,15,0,0,1.333333289,0,0.344699214,0.333873582,0.453125,0.043301178,-200.1184864,NA,NA,8,0.6,7.4,22.61,70.7,895,671.5,16.8,2.65,2.54,0.07,1.21,3.57,24.3,0.024,8/7/2025,NA,3.432439993,3.636881318,3.558753784,3.770718551,NA,NA,NA,NA,NA,NA,NA,NA,NA,NA,NA,0.51,7.68,NA,NA,0.007,59.2909,-129.75742,5588
6,Cas_100,7/22/2025,L,20:18,20:23,-0.002152908,-0.204441326,-2.983619945,-0.211964766,458,19.3,15.1,11.7,10.1,30.3,2,Prostrate Shrub,Arctic Willow,21.1334375,0,25,18,24,22.33333333,3,0,5,3,1,7/22/2025,2.4,5,1.949358869,18,25,100,40,30,15,15,0,0.4,0.3,0.15,0.15,0,4,1.29684413,0.935475297,40,15,15,0,0,1.333333289,0,0.344699214,0.333873582,0.453125,0.043301178,-200.1184864,NA,NA,8,0.6,7.4,22.61,70.7,895,671.5,16.8,2.65,2.54,0.07,1.21,3.57,24.3,0.024,8/7/2025,NA,3.432439993,3.636881318,3.558753784,3.770718551,NA,NA,NA,NA,NA,NA,NA,NA,NA,NA,NA,0.51,7.68,NA,NA,0.007,NA,NA,NA
7,Cas_11,7/21/2025,D,20:34,20:38,-0.00000254,-0.406192686,-0.003518284,-0.421140577,1702,41.7,23.5,12.2,8.4,18.16666667,17,Graminoid,Meadow,18.23,11,37,27,52,38.66666667,24,20,8,10,25,7/21/2025,17.4,25,7.924645102,27,52,100,15,10,70,5,0,0.15,0.1,0.7,0.05,0,4,0.914285581,0.659517637,15,70,5,0,0,0.199999997,0,0.352297677,0.341880342,0.414285714,0.066852209,-20.3360755,NA,NA,42.2,0,42.2,32.69,114.8,475,235.9,29,1.96,5.53,0.05,1.77,0.62,7.3,0.014,8/6/2025,6.8,-0.406192686,-0.308785966,-0.421140577,-0.320149289,NA,NA,NA,NA,NA,NA,NA,NA,NA,NA,NA,0.62,9.94,NA,NA,0.005,59.29087,-129.75745,5586
8,Cas_11,7/21/2025,L,20:30,20:34,-0.0000833,-0.097406721,-0.115402539,-0.100991288,1702,41.7,23.5,12.2,8.4,18.16666667,17,Graminoid,Meadow,18.23,11,37,27,52,38.66666667,24,20,8,10,25,7/21/2025,17.4,25,7.924645102,27,52,100,15,10,70,5,0,0.15,0.1,0.7,0.05,0,4,0.914285581,0.659517637,15,70,5,0,0,0.199999997,0,0.352297677,0.341880342,0.414285714,0.066852209,-20.3360755,NA,NA,42.2,0,42.2,32.69,114.8,475,235.9,29,1.96,5.53,0.05,1.77,0.62,7.3,0.014,8/6/2025,6.8,-0.406192686,-0.308785966,-0.421140577,-0.320149289,NA,NA,NA,NA,NA,NA,NA,NA,NA,NA,NA,0.62,9.94,NA,NA,0.005,NA,NA,NA
9,Cas_12,7/21/2025,D,20:45,20:51,-0.000701048,3.725175668,-0.971551587,3.862262132,1176,24.6,19.4,12.8,8.2,22.33333333,1,Barren,Barren,18.23,5,30,22,16,22.66666667,1,0.5,0,1,1,7/21/2025,0.7,1,0.447213595,16,30,100,15,80,0,5,0,0.15,0.8,0,0.05,0,3,0.612869452,0.557857816,15,0,5,0,0,2.9999994,0,0.370206561,0.349705305,0.455555556,0.085683016,-0.06682899,0.118044818,12.87432306,NA,NA,NA,NA,NA,NA,NA,NA,NA,NA,NA,NA,NA,NA,NA,8/6/2025,NA,3.725175668,2.648655406,3.862262132,2.746125925,0.2288,69.2677,3.4682,0,0,72.9647,0.003135763,0.949331663,0.047532574,0,0,1.09,15.95,88.1326041,0.602099028,NA,59.29083,-129.75748,5586
10,Cas_12,7/21/2025,L,20:43,20:45,-0.000257481,1.076520262,-0.356831101,1.116136208,1176,24.6,19.4,12.8,8.2,22.33333333,1,Barren,Barren,18.23,5,30,22,16,22.66666667,1,0.5,0,1,1,7/21/2025,0.7,1,0.447213595,16,30,100,15,80,0,5,0,0.15,0.8,0,0.05,0,3,0.612869452,0.557857816,15,0,5,0,0,2.9999994,0,0.370206561,0.349705305,0.455555556,0.085683016,-0.06682899,0.118044818,12.87432306,NA,NA,NA,NA,NA,NA,NA,NA,NA,NA,NA,NA,NA,NA,NA,8/6/2025,NA,3.725175668,2.648655406,3.862262132,2.746125925,0.2288,69.2677,3.4682,0,0,72.9647,0.003135763,0.949331663,0.047532574,0,0,1.09,15.95,88.1326041,0.602099028,NA,NA,NA,NA
11,Cas_13,7/21/2025,D,21:05,21:11,0.000057,3.44682371,0.079052271,3.573666822,585,26.3,18.7,12.7,7.9,28.96666667,24,Graminoid,Meadow,18.23,16,19,29,16,21.33333333,48,13,23,20,16.5,7/21/2025,24.1,48,13.87623868,16,29,100,15,15,70,0,0,0.15,0.15,0.7,0,0,3,0.818808456,0.745311576,15,70,0,0,0,0.214285711,0,0.346616101,0.339514979,0.402332362,0.053370332,-65.4897499,NA,NA,NA,NA,NA,NA,NA,NA,NA,NA,NA,NA,NA,NA,NA,NA,NA,8/6/2025,NA,3.44682371,4.078918547,3.573666822,4.229022749,NA,NA,NA,NA,NA,NA,NA,NA,NA,NA,NA,0.6,8.79,NA,NA,NA,59.29078,-129.7575,5583
12,Cas_13,7/21/2025,L,20:54,21:05,-0.00082657,-0.632094837,-1.145507045,-0.655355927,585,26.3,18.7,12.7,7.9,28.96666667,24,Graminoid,Meadow,18.23,16,19,29,16,21.33333333,48,13,23,20,16.5,7/21/2025,24.1,48,13.87623868,16,29,100,15,15,70,0,0,0.15,0.15,0.7,0,0,3,0.818808456,0.745311576,15,70,0,0,0,0.214285711,0,0.346616101,0.339514979,0.402332362,0.053370332,-65.4897499,NA,NA,NA,NA,NA,NA,NA,NA,NA,NA,NA,NA,NA,NA,NA,NA,NA,8/6/2025,NA,3.44682371,4.078918547,3.573666822,4.229022749,NA,NA,NA,NA,NA,NA,NA,NA,NA,NA,NA,0.6,8.79,NA,NA,NA,NA,NA,NA
13,Cas_14,7/21/2025,D,21:24,21:31,-0.00000974,0.64495472,-0.013496402,0.668689053,307,21.2,17.2,15.9,9,21.43333333,8,Prostrate Shrub,Arctic Willow,18.23,8,24,19,15,19.33333333,27,2,4,2,3,7/21/2025,7.6,27,10.87658034,15,24,100,85,5,10,0,0,0.85,0.05,0.1,0,0,3,0.518186213,0.471673418,85,10,0,0,0,8.49999915,0,0.409039432,0.405498282,0.516431925,0.177139951,-9.060202218,0.148922502,16.32717087,NA,NA,NA,NA,NA,NA,NA,NA,NA,NA,NA,NA,NA,NA,NA,8/6/2025,NA,0.64495472,0.589117681,0.668689053,0.610797212,0,48.0339,7.3412,6.9951,0.0495,62.4197,0,0.769531094,0.117610306,0.112065582,0.000793019,0.68,10.02,80.09886978,1.717266782,NA,59.29072,-129.75752,5580
14,Cas_14,7/21/2025,L,21:15,21:24,0.000141277,0.055837039,0.195790199,0.057891842,307,21.2,17.2,15.9,9,21.43333333,8,Prostrate Shrub,Arctic Willow,18.23,8,24,19,15,19.33333333,27,2,4,2,3,7/21/2025,7.6,27,10.87658034,15,24,100,85,5,10,0,0,0.85,0.05,0.1,0,0,3,0.518186213,0.471673418,85,10,0,0,0,8.49999915,0,0.409039432,0.405498282,0.516431925,0.177139951,-9.060202218,0.148922502,16.32717087,NA,NA,NA,NA,NA,NA,NA,NA,NA,NA,NA,NA,NA,NA,NA,8/6/2025,NA,0.64495472,0.589117681,0.668689053,0.610797212,0,48.0339,7.3412,6.9951,0.0495,62.4197,0,0.769531094,0.117610306,0.112065582,0.000793019,0.68,10.02,80.09886978,1.717266782,NA,NA,NA,NA
15,Cas_15,7/21/2025,D,21:38,21:42,-0.00091078,7.769887174,-1.262210066,8.055819022,588,21.9,18.8,15.3,9.9,9,20,Erect Shrub,Tall Shrub,18.23,20,20,11,24,18.33333333,25,26,18,15,17,7/21/2025,20.2,26,4.969909456,11,24,100,0,35,10,25,30,0,0.35,0.1,0.25,0.3,4,1.305461684,0.941691549,30,10,25,0,0,0.857142833,0,0.411991896,0.408970976,0.47972973,0.268674875,-4.090570485,NA,NA,5.5,0,5.5,4.68,55,698,315,9.9,4.43,2.87,0.09,1.25,0.36,8.8,0.004,8/6/2025,6.76,7.769887174,15.43518868,8.055819022,16.00320362,NA,NA,NA,NA,NA,NA,NA,NA,NA,NA,NA,0.84,11.51,NA,NA,0.014,59.29066,-129.75753,5578
16,Cas_15,7/21/2025,L,21:34,21:38,-0.001134591,-7.665301506,-1.572379203,-7.947384601,588,21.9,18.8,15.3,9.9,9,20,Erect Shrub,Tall Shrub,18.23,20,20,11,24,18.33333333,25,26,18,15,17,7/21/2025,20.2,26,4.969909456,11,24,100,0,35,10,25,30,0,0.35,0.1,0.25,0.3,4,1.305461684,0.941691549,30,10,25,0,0,0.857142833,0,0.411991896,0.408970976,0.47972973,0.268674875,-4.090570485,NA,NA,5.5,0,5.5,4.68,55,698,315,9.9,4.43,2.87,0.09,1.25,0.36,8.8,0.004,8/6/2025,6.76,7.769887174,15.43518868,8.055819022,16.00320362,NA,NA,NA,NA,NA,NA,NA,NA,NA,NA,NA,0.84,11.51,NA,NA,0.014,NA,NA,NA
17,Cas_16,7/21/2025,D,21:49,21:52,-0.000655992,2.841189812,-0.909110692,2.945745597,465,24.3,17.8,11.8,7.2,23.23333333,6,Prostrate Shrub,Arctic Willow,18.23,9,21,29,18,22.66666667,3,3,3,9,11,7/21/2025,5.8,11,3.898717738,18,29,100,55,30,10,5,0,0.55,0.3,0.1,0.05,0,4,1.070047315,0.771875977,55,10,5,0,0,3.666666422,0,0.366239595,0.350835322,0.454839789,0.106359894,-14.88786928,NA,NA,NA,NA,NA,NA,NA,NA,NA,NA,NA,NA,NA,NA,NA,NA,NA,8/6/2025,NA,2.841189812,2.810766172,2.945745597,2.914202367,NA,NA,NA,NA,NA,NA,NA,NA,NA,NA,NA,0.65,9.32,NA,NA,NA,59.29062,-129.75756,5576
18,Cas_16,7/21/2025,L,21:44,21:49,-0.001269105,0.03042364,-1.758797203,0.03154323,465,24.3,17.8,11.8,7.2,23.23333333,6,Prostrate Shrub,Arctic Willow,18.23,9,21,29,18,22.66666667,3,3,3,9,11,7/21/2025,5.8,11,3.898717738,18,29,100,55,30,10,5,0,0.55,0.3,0.1,0.05,0,4,1.070047315,0.771875977,55,10,5,0,0,3.666666422,0,0.366239595,0.350835322,0.454839789,0.106359894,-14.88786928,NA,NA,NA,NA,NA,NA,NA,NA,NA,NA,NA,NA,NA,NA,NA,NA,NA,8/6/2025,NA,2.841189812,2.810766172,2.945745597,2.914202367,NA,NA,NA,NA,NA,NA,NA,NA,NA,NA,NA,0.65,9.32,NA,NA,NA,NA,NA,NA
19,Cas_17,7/21/2025,D,22:01,22:05,-0.000942417,2.044907707,-1.306054345,2.120160311,419,22.7,19.4,12.7,10.4,23.33333333,3,Barren,Barren,18.23,9,17,13,18,16,2,2,1,10,2,7/21/2025,3.4,10,3.714835124,13,18,100,12,85,0,3,0,0.12,0.85,0,0.03,0,3,0.497769451,0.45308928,12,0,3,0,0,3.999998667,0,0.34887426,0.34057971,0.425120773,0.062092762,-71.00664161,NA,NA,NA,NA,NA,NA,NA,NA,NA,NA,NA,NA,NA,NA,NA,NA,NA,8/6/2025,NA,2.044907707,0.193303104,2.120160311,0.200416659,NA,NA,NA,NA,NA,NA,NA,NA,NA,NA,NA,0.5,7.26,NA,NA,NA,59.29059,-129.75761,5572
20,Cas_17,7/21/2025,L,21:57,22:01,-0.002159825,1.851604603,-2.993205917,1.919743652,419,22.7,19.4,12.7,10.4,23.33333333,3,Barren,Barren,18.23,9,17,13,18,16,2,2,1,10,2,7/21/2025,3.4,10,3.714835124,13,18,100,12,85,0,3,0,0.12,0.85,0,0.03,0,3,0.497769451,0.45308928,12,0,3,0,0,3.999998667,0,0.34887426,0.34057971,0.425120773,0.062092762,-71.00664161,NA,NA,NA,NA,NA,NA,NA,NA,NA,NA,NA,NA,NA,NA,NA,NA,NA,8/6/2025,NA,2.044907707,0.193303104,2.120160311,0.200416659,NA,NA,NA,NA,NA,NA,NA,NA,NA,NA,NA,0.5,7.26,NA,NA,NA,NA,NA,NA
21,Cas_18,7/21/2025,D,22:16,22:20,-0.000525259,2.267064236,-0.727933427,2.350492199,878,22.2,16.5,13.3,9.7,23.63333333,23,Graminoid,Meadow,18.23,4,13,35,23,23.66666667,12,18,24,42,17,7/21/2025,22.6,42,11.65332571,13,35,100,10,8,80,2,0,0.1,0.08,0.8,0.02,0,4,0.689072102,0.497060452,10,80,2,0,0,0.121951218,0,0.357156141,0.346938776,0.424489796,0.086491345,-36.82886978,NA,NA,NA,NA,NA,NA,NA,NA,NA,NA,NA,NA,NA,NA,NA,NA,NA,8/6/2025,NA,2.267064236,2.301546281,2.350492199,2.386243184,NA,NA,NA,NA,NA,NA,NA,NA,NA,NA,NA,0.43,5.69,NA,NA,NA,59.29053,-129.75743,5567
22,Cas_18,7/21/2025,L,22:11,22:16,-0.000610549,-0.034482046,-0.846132626,-0.035750985,878,22.2,16.5,13.3,9.7,23.63333333,23,Graminoid,Meadow,18.23,4,13,35,23,23.66666667,12,18,24,42,17,7/21/2025,22.6,42,11.65332571,13,35,100,10,8,80,2,0,0.1,0.08,0.8,0.02,0,4,0.689072102,0.497060452,10,80,2,0,0,0.121951218,0,0.357156141,0.346938776,0.424489796,0.086491345,-36.82886978,NA,NA,NA,NA,NA,NA,NA,NA,NA,NA,NA,NA,NA,NA,NA,NA,NA,8/6/2025,NA,2.267064236,2.301546281,2.350492199,2.386243184,NA,NA,NA,NA,NA,NA,NA,NA,NA,NA,NA,0.43,5.69,NA,NA,NA,NA,NA,NA
23,Cas_19,7/21/2025,D,22:27,22:30,0.001327789,-1.657721845,1.840124386,-1.718726009,727,23.9,17.1,15.7,11.6,28.43333333,2,Prostrate Shrub,Net-leaved Willow,18.23,11,27,31,29,29,3.5,3,2,1,2,7/21/2025,2.3,3.5,0.974679434,27,31,100,90,5,5,0,0,0.9,0.05,0.05,0,0,3,0.394397691,0.35899625,90,5,0,0,0,17.9999964,0,0.395795572,0.40052356,0.505050505,0.186954517,-50.04199055,NA,NA,11.9,2.7,9.2,15.09,83.8,650,193.8,18.1,1.29,1.1,0.1,1.27,0.46,7.9,0.022,8/6/2025,6.76,-1.657721845,-4.930102361,-1.718726009,-5.111530128,NA,NA,NA,NA,NA,NA,NA,NA,NA,NA,NA,0.53,7.3,NA,NA,NA,59.29058,-129.75741,5570
24,Cas_19,7/21/2025,L,22:23,22:27,-0.001617892,3.272380516,-2.242164682,3.392804119,727,23.9,17.1,15.7,11.6,28.43333333,2,Prostrate Shrub,Net-leaved Willow,18.23,11,27,31,29,29,3.5,3,2,1,2,7/21/2025,2.3,3.5,0.974679434,27,31,100,90,5,5,0,0,0.9,0.05,0.05,0,0,3,0.394397691,0.35899625,90,5,0,0,0,17.9999964,0,0.395795572,0.40052356,0.505050505,0.186954517,-50.04199055,NA,NA,11.9,2.7,9.2,15.09,83.8,650,193.8,18.1,1.29,1.1,0.1,1.27,0.46,7.9,0.022,8/6/2025,6.76,-1.657721845,-4.930102361,-1.718726009,-5.111530128,NA,NA,NA,NA,NA,NA,NA,NA,NA,NA,NA,0.53,7.3,NA,NA,NA,NA,NA,NA
25,Cas_2,7/21/2025,D,22:38,22:43,-0.00165678,4.436626793,-2.296058443,4.599894659,1533,16.8,17,12.6,9.4,32.6,1,Barren,Barren,18.23,4,27,27,27,27,0.5,1,1,1.5,0,7/21/2025,0.8,1.5,0.570087713,27,27,100,15,52,3,30,0,0.15,0.52,0.03,0.3,0,4,1.090998339,0.786988947,15,3,30,0,0,0.454545441,0,0.346127004,0.337423313,0.425675676,0.063411892,-82.67046799,NA,NA,1.7,1.1,0.6,1.1,31.3,995,361.4,11.1,1.23,0.27,0.06,0.88,0.43,8.7,0.029,8/6/2025,6.7,4.436626793,5.422774361,4.599894659,5.622332458,NA,NA,NA,NA,NA,NA,NA,NA,NA,NA,NA,0.29,3.55,NA,NA,0.007,59.29062,-129.75739,5573
26,Cas_2,7/21/2025,L,22:34,22:38,-0.001522809,-0.986147568,-2.110394615,-1.022437799,1533,16.8,17,12.6,9.4,32.6,1,Barren,Barren,18.23,4,27,27,27,27,0.5,1,1,1.5,0,7/21/2025,0.8,1.5,0.570087713,27,27,100,15,52,3,30,0,0.15,0.52,0.03,0.3,0,4,1.090998339,0.786988947,15,3,30,0,0,0.454545441,0,0.346127004,0.337423313,0.425675676,0.063411892,-82.67046799,NA,NA,1.7,1.1,0.6,1.1,31.3,995,361.4,11.1,1.23,0.27,0.06,0.88,0.43,8.7,0.029,8/6/2025,6.7,4.436626793,5.422774361,4.599894659,5.622332458,NA,NA,NA,NA,NA,NA,NA,NA,NA,NA,NA,0.29,3.55,NA,NA,0.007,NA,NA,NA
27,Cas_20,7/21/2025,D,22:55,23:01,0.004397506,-6.441290444,6.094309979,-6.678329933,631,19.7,16.8,13.6,11.4,27.66666667,6,Prostrate Shrub,Net-leaved Willow,21.384625,7,14,25,20,19.66666667,3.5,8,13,2,5.5,7/22/2025,6.4,13,4.321458087,14,25,100,90,5,5,0,0,0.9,0.05,0.05,0,0,3,0.394397691,0.35899625,90,5,0,0,0,17.9999964,0,0.346843092,0.339622642,0.424603175,0.076142881,-55.4968488,0.128287582,12.3869281,NA,NA,NA,NA,NA,NA,NA,NA,NA,NA,NA,NA,NA,NA,NA,8/6/2025,NA,-6.441290444,-10.25299078,-6.678329933,-10.63030084,0.2514,2.3886,18.4585,4.8938,3.8583,29.8506,0.008421941,0.080018492,0.61836278,0.163943103,0.129253683,0.73,10.14,80.55916286,0.627750127,NA,59.29066,-129.75738,5574
28,Cas_20,7/21/2025,L,22:46,22:55,-0.002830987,3.811700332,-3.92333976,3.951970905,631,19.7,16.8,13.6,11.4,27.66666667,6,Prostrate Shrub,Net-leaved Willow,21.384625,7,14,25,20,19.66666667,3.5,8,13,2,5.5,7/22/2025,6.4,13,4.321458087,14,25,100,90,5,5,0,0,0.9,0.05,0.05,0,0,3,0.394397691,0.35899625,90,5,0,0,0,17.9999964,0,0.346843092,0.339622642,0.424603175,0.076142881,-55.4968488,0.128287582,12.3869281,NA,NA,NA,NA,NA,NA,NA,NA,NA,NA,NA,NA,NA,NA,NA,8/6/2025,NA,-6.441290444,-10.25299078,-6.678329933,-10.63030084,0.2514,2.3886,18.4585,4.8938,3.8583,29.8506,0.008421941,0.080018492,0.61836278,0.163943103,0.129253683,0.73,10.14,80.55916286,0.627750127,NA,NA,NA,NA
29,Cas_21,7/22/2025,D,23:07,23:10,0.000417861,0.484826744,0.579095442,0.502668369,563,20.2,15.8,14.5,8.3,23.76666667,5,Graminoid,Meadow,21.384625,5,23,17,13,17.66666667,5,4,1,7,9,7/22/2025,5.2,9,3.033150178,13,23,100,5,20,70,5,0,0.05,0.2,0.7,0.05,0,4,0.871133271,0.628389825,5,70,5,0,0,0.066666666,0,0.3258604,0.330166271,0.380681818,0.009439777,-294.9040286,NA,NA,NA,NA,NA,NA,NA,NA,NA,NA,NA,NA,NA,NA,NA,NA,NA,8/6/2025,NA,0.484826744,-0.393305653,0.502668369,-0.407779301,NA,NA,NA,NA,NA,NA,NA,NA,NA,NA,NA,0.59,9.65,NA,NA,NA,59.2907,-129.75737,5577
30,Cas_21,7/22/2025,L,23:03,23:07,0.000547289,0.878132398,0.758463244,0.91044767,563,20.2,15.8,14.5,8.3,23.76666667,5,Graminoid,Meadow,21.384625,5,23,17,13,17.66666667,5,4,1,7,9,7/22/2025,5.2,9,3.033150178,13,23,100,5,20,70,5,0,0.05,0.2,0.7,0.05,0,4,0.871133271,0.628389825,5,70,5,0,0,0.066666666,0,0.3258604,0.330166271,0.380681818,0.009439777,-294.9040286,NA,NA,NA,NA,NA,NA,NA,NA,NA,NA,NA,NA,NA,NA,NA,NA,NA,8/6/2025,NA,0.484826744,-0.393305653,0.502668369,-0.407779301,NA,NA,NA,NA,NA,NA,NA,NA,NA,NA,NA,0.59,9.65,NA,NA,NA,NA,NA,NA
31,Cas_22,7/22/2025,D,23:14,23:18,0.000386554,0.378995881,0.535708365,0.392942929,605,21.6,15.1,11.7,9,15.5,2,Barren,Barren,21.384625,10,20,16,9,15,0,1,5,2,0,7/22/2025,1.6,5,2.073644135,9,20,100,0,80,15,5,0,0,0.8,0.15,0.05,0,3,0.612869452,0.557857816,0,15,5,0,0,0,0,0.312578044,0.325641026,0.349514563,-0.014155759,-242.158487,NA,NA,5.3,0.5,4.8,10.41,43.7,353,364.5,6.9,2.74,1.31,0.08,0.94,0.82,13.9,0.002,8/6/2025,6.81,0.378995881,-0.047855283,0.392942929,-0.049616358,NA,NA,NA,NA,NA,NA,NA,NA,NA,NA,NA,0.44,5.48,NA,NA,0.007,59.29074,-129.75734,5580
32,Cas_22,7/22/2025,L,NA,23:14,0.000391565,0.426851164,0.542652158,0.442559287,605,21.6,15.1,11.7,9,15.5,2,Barren,Barren,21.384625,10,20,16,9,15,0,1,5,2,0,7/22/2025,1.6,5,2.073644135,9,20,100,0,80,15,5,0,0,0.8,0.15,0.05,0,3,0.612869452,0.557857816,0,15,5,0,0,0,0,0.312578044,0.325641026,0.349514563,-0.014155759,-242.158487,NA,NA,5.3,0.5,4.8,10.41,43.7,353,364.5,6.9,2.74,1.31,0.08,0.94,0.82,13.9,0.002,8/6/2025,6.81,0.378995881,-0.047855283,0.392942929,-0.049616358,NA,NA,NA,NA,NA,NA,NA,NA,NA,NA,NA,0.44,5.48,NA,NA,0.007,NA,NA,NA
33,Cas_23,7/22/2025,D,23:22,23:24,0.000341264,0.292499403,0.472943104,0.303263381,423,16.8,15.1,12,9.2,24.46666667,7,Prostrate Shrub,Arctic Willow,21.384625,0,21,17,14,17.33333333,2,7,6,2,16,7/22/2025,6.6,16,5.727128425,14,21,100,30,25,25,20,0,0.3,0.25,0.25,0.2,0,4,1.376226604,0.992737649,30,25,20,0,0,0.666666652,0,NA,NA,NA,NA,NA,NA,NA,NA,NA,NA,NA,NA,NA,NA,NA,NA,NA,NA,NA,NA,NA,NA,8/6/2025,NA,0.292499403,0.027264742,0.303263381,0.028268085,NA,NA,NA,NA,NA,NA,NA,NA,NA,NA,NA,0.44,6.13,NA,NA,NA,59.29078,-129.75731,5580
34,Cas_23,7/22/2025,L,NA,23:22,0.000313747,0.265234661,0.434808676,0.274995297,423,16.8,15.1,12,9.2,24.46666667,7,Prostrate Shrub,Arctic Willow,21.384625,0,21,17,14,17.33333333,2,7,6,2,16,7/22/2025,6.6,16,5.727128425,14,21,100,30,25,25,20,0,0.3,0.25,0.25,0.2,0,4,1.376226604,0.992737649,30,25,20,0,0,0.666666652,0,NA,NA,NA,NA,NA,NA,NA,NA,NA,NA,NA,NA,NA,NA,NA,NA,NA,NA,NA,NA,NA,NA,8/6/2025,NA,0.292499403,0.027264742,0.303263381,0.028268085,NA,NA,NA,NA,NA,NA,NA,NA,NA,NA,NA,0.44,6.13,NA,NA,NA,NA,NA,NA
35,Cas_24,7/22/2025,D,23:29,23:32,0.000505348,0.36891257,0.700338995,0.382488552,1089,25.7,16,11,9.5,27.06666667,3,Prostrate Shrub,Net-leaved Willow,21.384625,2,21,31,19,23.66666667,2,4,1,3,4,7/22/2025,2.8,4,1.303840481,19,31,100,85,3,7,5,0,0.85,0.03,0.07,0.05,0,4,0.579272643,0.417856885,85,7,5,0,0,7.083332743,0,0.384256172,0.372093023,0.468531469,0.125101504,-1.49571599,0.286042017,28.97749767,NA,NA,NA,NA,NA,NA,NA,NA,NA,NA,NA,NA,NA,NA,NA,8/6/2025,NA,0.36891257,-0.173533663,0.382488552,-0.179919701,0.2706,0,9.5904,10.3984,1.0888,21.3482,0.012675542,0,0.449236938,0.487085562,0.051001958,0.49,6.4,63.65028081,2.057482959,NA,59.29082,-129.75729,5582
36,Cas_24,7/22/2025,L,NA,23:29,0.000521734,0.542446232,0.723048237,0.562408254,1089,25.7,16,11,9.5,27.06666667,3,Prostrate Shrub,Net-leaved Willow,21.384625,2,21,31,19,23.66666667,2,4,1,3,4,7/22/2025,2.8,4,1.303840481,19,31,100,85,3,7,5,0,0.85,0.03,0.07,0.05,0,4,0.579272643,0.417856885,85,7,5,0,0,7.083332743,0,0.384256172,0.372093023,0.468531469,0.125101504,-1.49571599,0.286042017,28.97749767,NA,NA,NA,NA,NA,NA,NA,NA,NA,NA,NA,NA,NA,NA,NA,8/6/2025,NA,0.36891257,-0.173533663,0.382488552,-0.179919701,0.2706,0,9.5904,10.3984,1.0888,21.3482,0.012675542,0,0.449236938,0.487085562,0.051001958,0.49,6.4,63.65028081,2.057482959,NA,NA,NA,NA
37,Cas_25,7/22/2025,D,23:37,23:40,0.000569701,0.358457445,0.789523143,0.371648679,668,22.2,16.3,11.6,9.8,25.13333333,3,Barren,Barren,21.384625,9,12,20,13,15,2,0,1,11,0,7/22/2025,2.8,11,4.65832588,12,20,100,10,80,10,0,0,0.1,0.8,0.1,0,0,3,0.63903186,0.581671866,10,10,0,0,0,0.9999999,0,0.327924948,0.332891247,0.376262626,0.016797014,-183.1232719,NA,NA,NA,NA,NA,NA,NA,NA,NA,NA,NA,NA,NA,NA,NA,NA,NA,8/6/2025,NA,0.358457445,-0.024881249,0.371648679,-0.025796879,NA,NA,NA,NA,NA,NA,NA,NA,NA,NA,NA,0.43,5.81,NA,NA,NA,59.29086,-129.75726,5583
38,Cas_25,7/22/2025,L,NA,23:37,0.000507564,0.383338695,0.703411101,0.397445559,668,22.2,16.3,11.6,9.8,25.13333333,3,Barren,Barren,21.384625,9,12,20,13,15,2,0,1,11,0,7/22/2025,2.8,11,4.65832588,12,20,100,10,80,10,0,0,0.1,0.8,0.1,0,0,3,0.63903186,0.581671866,10,10,0,0,0,0.9999999,0,0.327924948,0.332891247,0.376262626,0.016797014,-183.1232719,NA,NA,NA,NA,NA,NA,NA,NA,NA,NA,NA,NA,NA,NA,NA,NA,NA,8/6/2025,NA,0.358457445,-0.024881249,0.371648679,-0.025796879,NA,NA,NA,NA,NA,NA,NA,NA,NA,NA,NA,0.43,5.81,NA,NA,NA,NA,NA,NA
39,Cas_26,7/22/2025,D,23:44,23:48,0.000195436,3.295412188,0.270846466,3.416683357,1268,23.4,17.8,11.6,8.3,27.43333333,3,Barren,Barren,21.384625,5,24,16,22,20.66666667,0,3,7,2,1,7/22/2025,2.6,7,2.701851217,16,24,100,5,85,10,0,0,0.05,0.85,0.1,0,0,3,0.518186213,0.471673418,5,10,0,0,0,0.49999995,0,0.338614627,0.337121212,0.363636364,0.029622033,-45.53194636,0.250237162,11.25546218,NA,NA,NA,NA,NA,NA,NA,NA,NA,NA,NA,NA,NA,NA,NA,8/6/2025,NA,3.295412188,3.368742455,3.416683357,3.492712178,0,63.8239,0.6307,0,0.19,64.6446,0,0.987304431,0.009756422,0,0.002939147,0.31,4.5,59.51882918,0.359066126,NA,59.2909,-129.75724,5585
40,Cas_26,7/22/2025,L,NA,23:44,-0.000726498,-0.073330267,-1.00682124,-0.076028821,1268,23.4,17.8,11.6,8.3,27.43333333,3,Barren,Barren,21.384625,5,24,16,22,20.66666667,0,3,7,2,1,7/22/2025,2.6,7,2.701851217,16,24,100,5,85,10,0,0,0.05,0.85,0.1,0,0,3,0.518186213,0.471673418,5,10,0,0,0,0.49999995,0,0.338614627,0.337121212,0.363636364,0.029622033,-45.53194636,0.250237162,11.25546218,NA,NA,NA,NA,NA,NA,NA,NA,NA,NA,NA,NA,NA,NA,NA,8/6/2025,NA,3.295412188,3.368742455,3.416683357,3.492712178,0,63.8239,0.6307,0,0.19,64.6446,0,0.987304431,0.009756422,0,0.002939147,0.31,4.5,59.51882918,0.359066126,NA,NA,NA,NA
41,Cas_27,7/22/2025,D,18:41,18:46,0.001242168,1.599662574,1.721465798,1.658530157,368,16.5,14.8,12.2,10.5,25.9,2,Prostrate Shrub,Arctic Willow,21.384625,2,17,17,17,17,2,2,2,2,2,7/22/2025,2,2,0,17,17,100,30,35,5,30,0,0.3,0.35,0.05,0.3,0,4,1.23960804,0.894188186,30,5,30,0,0,0.857142833,0,0.361421277,0.350364964,0.453416149,0.088536406,-58.89674635,NA,NA,2.6,2.4,0.2,4.2,36.6,482,305.9,7,0.96,0.4,0.04,0.87,0,4.6,0.008,8/6/2025,6.89,1.599662574,0.83227678,1.658530157,0.862904565,NA,NA,NA,NA,NA,NA,NA,NA,NA,NA,NA,0.47,6.59,NA,NA,NA,59.29086,-129.75704,5577
42,Cas_27,7/22/2025,L,18:37,18:41,-0.00241288,0.767385794,-3.343903673,0.795625591,368,16.5,14.8,12.2,10.5,25.9,2,Prostrate Shrub,Arctic Willow,21.384625,2,17,17,17,17,2,2,2,2,2,7/22/2025,2,2,0,17,17,100,30,35,5,30,0,0.3,0.35,0.05,0.3,0,4,1.23960804,0.894188186,30,5,30,0,0,0.857142833,0,0.361421277,0.350364964,0.453416149,0.088536406,-58.89674635,NA,NA,2.6,2.4,0.2,4.2,36.6,482,305.9,7,0.96,0.4,0.04,0.87,0,4.6,0.008,8/6/2025,6.89,1.599662574,0.83227678,1.658530157,0.862904565,NA,NA,NA,NA,NA,NA,NA,NA,NA,NA,NA,0.47,6.59,NA,NA,NA,NA,NA,NA
43,Cas_28,7/22/2025,D,18:53,18:56,-0.002429787,6.457584633,-3.367334228,6.695223748,408,15.8,14.4,11.5,10.2,20.63333333,9,Prostrate Shrub,Arctic Willow,21.384625,8,30,27,32,29.66666667,7,2,22,7,5,7/22/2025,8.6,22,7.765307463,27,32,100,10,15,20,55,0,0.1,0.15,0.2,0.55,0,4,1.16552444,0.840748165,10,20,55,0,0,0.133333332,0,0.446351812,0.43902439,0.558558559,0.198709763,-22.7414642,NA,NA,NA,NA,NA,NA,NA,NA,NA,NA,NA,NA,NA,NA,NA,NA,NA,8/6/2025,NA,6.457584633,5.103849451,6.695223748,5.291671111,NA,NA,NA,NA,NA,NA,NA,NA,NA,NA,NA,0.38,5.07,NA,NA,NA,59.29083,-129.75708,5574
44,Cas_28,7/22/2025,L,18:50,18:53,-0.004923181,1.353735182,-6.822819725,1.403552637,408,15.8,14.4,11.5,10.2,20.63333333,9,Prostrate Shrub,Arctic Willow,21.384625,8,30,27,32,29.66666667,7,2,22,7,5,7/22/2025,8.6,22,7.765307463,27,32,100,10,15,20,55,0,0.1,0.15,0.2,0.55,0,4,1.16552444,0.840748165,10,20,55,0,0,0.133333332,0,0.446351812,0.43902439,0.558558559,0.198709763,-22.7414642,NA,NA,NA,NA,NA,NA,NA,NA,NA,NA,NA,NA,NA,NA,NA,NA,NA,8/6/2025,NA,6.457584633,5.103849451,6.695223748,5.291671111,NA,NA,NA,NA,NA,NA,NA,NA,NA,NA,NA,0.38,5.07,NA,NA,NA,NA,NA,NA
45,Cas_29,7/22/2025,D,19:11,19:16,-0.000600132,0.769478401,-0.831696858,0.797795207,138,14.3,12.9,11.9,7.7,23.5,10,Graminoid,Meadow,21.384625,3,13,15,11,13,11,10,10,7,14,7/22/2025,10.4,14,2.50998008,11,15,100,10,15,70,5,0,0.1,0.15,0.7,0.05,0,4,0.914285581,0.659517637,10,70,5,0,0,0.133333332,0,0.352462993,0.340619308,0.417525773,0.055197864,-99.77589684,NA,NA,4.4,2.5,1.9,1.74,53.7,541,339.6,7,0.98,0.63,0.04,1,0.49,8.5,0.006,8/6/2025,6.89,0.769478401,-3.710849921,0.797795207,-3.847409198,NA,NA,NA,NA,NA,NA,NA,NA,NA,NA,NA,0.48,6.93,NA,NA,0.005,59.29079,-129.75708,5574
46,Cas_29,7/22/2025,L,19:08,19:11,-0.002554426,4.480328323,-3.540066299,4.645204405,138,14.3,12.9,11.9,7.7,23.5,10,Graminoid,Meadow,21.384625,3,13,15,11,13,11,10,10,7,14,7/22/2025,10.4,14,2.50998008,11,15,100,10,15,70,5,0,0.1,0.15,0.7,0.05,0,4,0.914285581,0.659517637,10,70,5,0,0,0.133333332,0,0.352462993,0.340619308,0.417525773,0.055197864,-99.77589684,NA,NA,4.4,2.5,1.9,1.74,53.7,541,339.6,7,0.98,0.63,0.04,1,0.49,8.5,0.006,8/6/2025,6.89,0.769478401,-3.710849921,0.797795207,-3.847409198,NA,NA,NA,NA,NA,NA,NA,NA,NA,NA,NA,0.48,6.93,NA,NA,0.005,NA,NA,NA
47,Cas_3,7/21/2025,D,19:23,19:25,-0.000592538,9.415517005,-0.821172666,9.76200803,1677,23.8,14.4,12.4,9.2,24.3,2,Prostrate Shrub,Arctic Willow,18.23,20,54,14,25,31,2,1.5,1.5,1.5,1,7/21/2025,1.5,2,0.353553391,14,54,100,95,3,2,0,0,0.95,0.03,0.02,0,0,3,0.232165827,0.211326443,95,2,0,0,0,47.49997625,0,0.366329192,0.353658537,0.44198895,0.097142456,-0.248163815,NA,NA,NA,NA,NA,NA,NA,NA,NA,NA,NA,NA,NA,NA,NA,NA,NA,8/6/2025,NA,9.415517005,14.57916354,9.76200803,15.11567675,NA,NA,NA,NA,NA,NA,NA,NA,NA,NA,NA,0.41,5.06,NA,NA,NA,59.29074,-129.75709,5570
48,Cas_3,7/21/2025,L,19:20,19:23,-0.002339501,-5.163646532,-3.242211896,-5.353668724,1677,23.8,14.4,12.4,9.2,24.3,2,Prostrate Shrub,Arctic Willow,18.23,20,54,14,25,31,2,1.5,1.5,1.5,1,7/21/2025,1.5,2,0.353553391,14,54,100,95,3,2,0,0,0.95,0.03,0.02,0,0,3,0.232165827,0.211326443,95,2,0,0,0,47.49997625,0,0.366329192,0.353658537,0.44198895,0.097142456,-0.248163815,NA,NA,NA,NA,NA,NA,NA,NA,NA,NA,NA,NA,NA,NA,NA,NA,NA,8/6/2025,NA,9.415517005,14.57916354,9.76200803,15.11567675,NA,NA,NA,NA,NA,NA,NA,NA,NA,NA,NA,0.41,5.06,NA,NA,NA,NA,NA,NA
49,Cas_30,7/22/2025,D,19:38,19:41,-0.000537555,2.461943452,-0.744974467,2.552542971,165,15.2,14,11.9,8.4,24.6,3,Prostrate Shrub,Net-leaved Willow,21.384625,1,25,22,18,21.66666667,2,4,4,3,1,7/22/2025,2.8,4,1.303840481,18,25,100,60,20,15,5,0,0.6,0.2,0.15,0.05,0,4,1.062737568,0.76660311,60,15,5,0,0,2.99999985,0,0.37839061,0.375,0.463054187,0.144922606,-74.15662935,NA,NA,NA,NA,NA,NA,NA,NA,NA,NA,NA,NA,NA,NA,NA,NA,NA,8/6/2025,NA,2.461943452,2.301567609,2.552542971,2.386265297,NA,NA,NA,NA,NA,NA,NA,NA,NA,NA,NA,0.52,8.6,NA,NA,0.01,59.29071,-129.75712,5572
50,Cas_30,7/22/2025,L,19:34,19:38,-0.000571323,0.160375843,-0.791771211,0.166277674,165,15.2,14,11.9,8.4,24.6,3,Prostrate Shrub,Net-leaved Willow,21.384625,1,25,22,18,21.66666667,2,4,4,3,1,7/22/2025,2.8,4,1.303840481,18,25,100,60,20,15,5,0,0.6,0.2,0.15,0.05,0,4,1.062737568,0.76660311,60,15,5,0,0,2.99999985,0,0.37839061,0.375,0.463054187,0.144922606,-74.15662935,NA,NA,NA,NA,NA,NA,NA,NA,NA,NA,NA,NA,NA,NA,NA,NA,NA,8/6/2025,NA,2.461943452,2.301567609,2.552542971,2.386265297,NA,NA,NA,NA,NA,NA,NA,NA,NA,NA,NA,0.52,8.6,NA,NA,0.01,NA,NA,NA
51,Cas_31,7/23/2025,D,19:48,19:50,-0.000448225,9.242818413,-0.621175386,9.582954131,1428,25.5,12.4,9.9,8.4,22.9,9,Prostrate Shrub,Net-leaved Willow,19.397875,7,30,5,15,16.66666667,2,3,20,3,15,7/23/2025,8.6,20,8.324662155,5,30,100,85,3,10,2,0,0.85,0.03,0.1,0.02,0,4,0.551836796,0.398066105,85,10,2,0,0,7.083332743,0,NA,NA,NA,NA,NA,NA,NA,NA,NA,NA,NA,NA,NA,NA,NA,NA,NA,NA,NA,NA,NA,NA,8/6/2025,NA,9.242818413,13.06446887,9.582954131,13.54524133,NA,NA,NA,NA,NA,NA,NA,NA,NA,NA,NA,0.56,8.99,NA,NA,NA,59.29067,-129.75715,5570
52,Cas_31,7/23/2025,L,19:45,19:48,-0.000565283,-3.821650461,-0.783401444,-3.962287198,1428,25.5,12.4,9.9,8.4,22.9,9,Prostrate Shrub,Net-leaved Willow,19.397875,7,30,5,15,16.66666667,2,3,20,3,15,7/23/2025,8.6,20,8.324662155,5,30,100,85,3,10,2,0,0.85,0.03,0.1,0.02,0,4,0.551836796,0.398066105,85,10,2,0,0,7.083332743,0,NA,NA,NA,NA,NA,NA,NA,NA,NA,NA,NA,NA,NA,NA,NA,NA,NA,NA,NA,NA,NA,NA,8/6/2025,NA,9.242818413,13.06446887,9.582954131,13.54524133,NA,NA,NA,NA,NA,NA,NA,NA,NA,NA,NA,0.56,8.99,NA,NA,NA,NA,NA,NA
53,Cas_32,7/23/2025,D,19:57,20:00,-0.00035001,5.483770614,-0.485063185,5.685573373,2094,24.9,15.2,10.5,9.5,26.73333333,6,Prostrate Shrub,Arctic Willow,19.397875,23,19,6,5,10,2,2,3,13,9,7/23/2025,5.8,13,4.969909456,5,19,100,50,15,30,5,0,0.5,0.15,0.3,0.05,0,4,1.142120043,0.823865461,50,30,5,0,0,1.428571388,0,0.374769448,0.37037037,0.473684211,0.12903143,-65.76276447,NA,NA,NA,NA,NA,NA,NA,NA,NA,NA,NA,NA,NA,NA,NA,NA,NA,8/6/2025,NA,5.483770614,8.063412277,5.685573373,8.360145849,NA,NA,NA,NA,NA,NA,NA,NA,NA,NA,NA,0.48,6.95,NA,NA,0.009,59.29063,-129.75717,5568
54,Cas_32,7/23/2025,L,19:54,19:57,-0.001911339,-2.579641663,-2.648840302,-2.674572476,2094,24.9,15.2,10.5,9.5,26.73333333,6,Prostrate Shrub,Arctic Willow,19.397875,23,19,6,5,10,2,2,3,13,9,7/23/2025,5.8,13,4.969909456,5,19,100,50,15,30,5,0,0.5,0.15,0.3,0.05,0,4,1.142120043,0.823865461,50,30,5,0,0,1.428571388,0,0.374769448,0.37037037,0.473684211,0.12903143,-65.76276447,NA,NA,NA,NA,NA,NA,NA,NA,NA,NA,NA,NA,NA,NA,NA,NA,NA,8/6/2025,NA,5.483770614,8.063412277,5.685573373,8.360145849,NA,NA,NA,NA,NA,NA,NA,NA,NA,NA,NA,0.48,6.95,NA,NA,0.009,NA,NA,NA
55,Cas_33,7/23/2025,D,20:05,20:07,-0.000136427,3.699019275,-0.18906807,3.835143184,1897,20.1,17.3,11.6,8.9,22.5,8,Forb,Mountain Sagewort,19.397875,4,40,34,7,27,5,10,3,10,10,7/23/2025,7.6,10,3.361547263,7,40,100,5,10,5,80,0,0.05,0.1,0.05,0.8,0,4,0.708346578,0.510964047,5,5,80,0,0,0.058823529,0,0.397312387,0.392215569,0.504428729,0.142252263,-95.69120496,NA,NA,17.4,1.9,15.5,55.34,132.8,821,544.8,29.7,7.75,5.54,0.1,2.53,0.23,5.4,0.021,8/6/2025,6.9,3.699019275,5.270289805,3.835143184,5.46423647,NA,NA,NA,NA,NA,NA,NA,NA,NA,NA,NA,0.52,7.62,NA,NA,0.004,59.2906,-129.75719,5565
56,Cas_33,7/23/2025,L,20:04,20:05,-0.000220603,-1.57127053,-0.305724207,-1.629093286,1897,20.1,17.3,11.6,8.9,22.5,8,Forb,Mountain Sagewort,19.397875,4,40,34,7,27,5,10,3,10,10,7/23/2025,7.6,10,3.361547263,7,40,100,5,10,5,80,0,0.05,0.1,0.05,0.8,0,4,0.708346578,0.510964047,5,5,80,0,0,0.058823529,0,0.397312387,0.392215569,0.504428729,0.142252263,-95.69120496,NA,NA,17.4,1.9,15.5,55.34,132.8,821,544.8,29.7,7.75,5.54,0.1,2.53,0.23,5.4,0.021,8/6/2025,6.9,3.699019275,5.270289805,3.835143184,5.46423647,NA,NA,NA,NA,NA,NA,NA,NA,NA,NA,NA,0.52,7.62,NA,NA,0.004,NA,NA,NA
57,Cas_34,7/23/2025,D,20:13,20:15,0.0000651,0.447874914,0.090177815,0.464356711,2052,27.2,16.2,10,9,18.7,3,Barren,Barren,19.397875,8,9,15,12,12,3,3,2,3,2,7/23/2025,2.6,3,0.547722558,9,15,100,7,90,3,0,0,0.07,0.9,0.03,0,0,3,0.386169404,0.351506539,7,3,0,0,0,2.333332556,0,0.354072196,0.339105339,0.446927374,0.056679482,-47.81130104,NA,NA,1.4,1.1,0.3,15.12,35.8,292,433.6,6.8,1,0.77,0.02,1.46,0.03,4.2,0.016,8/6/2025,6.89,0.447874914,0.411389507,0.464356711,0.42652864,NA,NA,NA,NA,NA,NA,NA,NA,NA,NA,NA,0.39,5.13,NA,NA,0.007,59.29054,-129.7572,5565
58,Cas_34,7/23/2025,L,20:10,20:13,-0.0000272,0.036485408,-0.037669006,0.037828071,2052,27.2,16.2,10,9,18.7,3,Barren,Barren,19.397875,8,9,15,12,12,3,3,2,3,2,7/23/2025,2.6,3,0.547722558,9,15,100,7,90,3,0,0,0.07,0.9,0.03,0,0,3,0.386169404,0.351506539,7,3,0,0,0,2.333332556,0,0.354072196,0.339105339,0.446927374,0.056679482,-47.81130104,NA,NA,1.4,1.1,0.3,15.12,35.8,292,433.6,6.8,1,0.77,0.02,1.46,0.03,4.2,0.016,8/6/2025,6.89,0.447874914,0.411389507,0.464356711,0.42652864,NA,NA,NA,NA,NA,NA,NA,NA,NA,NA,NA,0.39,5.13,NA,NA,0.007,NA,NA,NA
59,Cas_35,7/23/2025,D,20:22,20:25,0.000186424,2.706395356,0.258356704,2.805990705,1955,22.6,16.7,11.3,10.4,23.53333333,11,Graminoid,Meadow,19.397875,14,13,9,11,11,16,16,5,3,14,7/23/2025,10.8,16,6.300793601,9,13,100,0,25,50,25,0,0,0.25,0.5,0.25,0,3,1.039720771,0.94639463,0,50,25,0,0,0,0,0.331723945,0.333769634,0.371428571,0.014269598,-193.9585493,0.442450047,18.01456583,NA,NA,NA,NA,NA,NA,NA,NA,NA,NA,NA,NA,NA,NA,NA,8/6/2025,NA,2.706395356,3.552243044,2.805990705,3.682965588,0.701,21.3367,0,0,17.1519,39.1896,0.017887399,0.544448017,0,0,0.437664584,0.28,3.92,39.99093882,1.251278164,NA,59.29049,-129.75723,5562
60,Cas_35,7/23/2025,L,20:18,20:22,-0.000432359,-0.845847689,-0.599186958,-0.876974884,1955,22.6,16.7,11.3,10.4,23.53333333,11,Graminoid,Meadow,19.397875,14,13,9,11,11,16,16,5,3,14,7/23/2025,10.8,16,6.300793601,9,13,100,0,25,50,25,0,0,0.25,0.5,0.25,0,3,1.039720771,0.94639463,0,50,25,0,0,0,0,0.331723945,0.333769634,0.371428571,0.014269598,-193.9585493,0.442450047,18.01456583,NA,NA,NA,NA,NA,NA,NA,NA,NA,NA,NA,NA,NA,NA,NA,8/6/2025,NA,2.706395356,3.552243044,2.805990705,3.682965588,0.701,21.3367,0,0,17.1519,39.1896,0.017887399,0.544448017,0,0,0.437664584,0.28,3.92,39.99093882,1.251278164,NA,NA,NA,NA
61,Cas_36,7/23/2025,D,20:42,20:45,-0.000512247,3.687688494,-0.709900576,3.82339543,1524,14.9,14,11.5,10,29.7,13,Erect Shrub,Tall Shrub,19.397875,4,23,26,27,25.33333333,18,20,2,3,22,7/23/2025,13,22,9.695359715,23,27,100,40,1,10,10,39,0.4,0.01,0.1,0.1,0.39,5,1.240312344,0.770649389,79,10,10,0,0,3.949999803,0,0.370288849,0.376681614,0.444444444,0.1533535,-127.1250341,NA,NA,1.9,1.6,0.3,0.57,15.1,498,304,5.3,1.66,0.58,0.01,0.9,0.18,6.8,0.026,8/6/2025,6.88,3.687688494,7.43358465,3.82339543,7.707140565,NA,NA,NA,NA,NA,NA,NA,NA,NA,NA,NA,0.8,10.59,NA,NA,0.021,59.29039,-129.7571,5551
62,Cas_36,7/23/2025,L,20:39,20:42,-0.000741832,-3.745896157,-1.028072411,-3.883745135,1524,14.9,14,11.5,10,29.7,13,Erect Shrub,Tall Shrub,19.397875,4,23,26,27,25.33333333,18,20,2,3,22,7/23/2025,13,22,9.695359715,23,27,100,40,1,10,10,39,0.4,0.01,0.1,0.1,0.39,5,1.240312344,0.770649389,79,10,10,0,0,3.949999803,0,0.370288849,0.376681614,0.444444444,0.1533535,-127.1250341,NA,NA,1.9,1.6,0.3,0.57,15.1,498,304,5.3,1.66,0.58,0.01,0.9,0.18,6.8,0.026,8/6/2025,6.88,3.687688494,7.43358465,3.82339543,7.707140565,NA,NA,NA,NA,NA,NA,NA,NA,NA,NA,NA,0.8,10.59,NA,NA,0.021,NA,NA,NA
63,Cas_37,7/23/2025,D,20:32,20:36,0.000583732,2.312368578,0.808968638,2.397463742,1598,20.4,15.1,10.7,9.5,30.9,1,Prostrate Shrub,Arctic Willow,19.397875,13,30,23,28,27,1,1,1,2,1,7/23/2025,1.2,2,0.447213595,23,30,100,60,20,15,5,0,0.6,0.2,0.15,0.05,0,4,1.062737568,0.76660311,60,15,5,0,0,2.99999985,0,0.33391717,0.331034483,0.405797101,0.030019798,-177.258126,0.188347339,13.03641457,NA,NA,NA,NA,NA,NA,NA,NA,NA,NA,NA,NA,NA,NA,NA,8/6/2025,NA,2.312368578,3.676052174,2.397463742,3.811330894,0,22.0826,4.4534,7.9603,3.9559,38.4522,0,0.574287037,0.11581652,0.207018064,0.102878379,0.32,4.11,64.04366036,5.256517068,NA,59.29043,-129.75707,5553
64,Cas_37,7/23/2025,L,20:28,20:32,-0.00062473,-1.363683596,-0.865785874,-1.413867153,1598,20.4,15.1,10.7,9.5,30.9,1,Prostrate Shrub,Arctic Willow,19.397875,13,30,23,28,27,1,1,1,2,1,7/23/2025,1.2,2,0.447213595,23,30,100,60,20,15,5,0,0.6,0.2,0.15,0.05,0,4,1.062737568,0.76660311,60,15,5,0,0,2.99999985,0,0.33391717,0.331034483,0.405797101,0.030019798,-177.258126,0.188347339,13.03641457,NA,NA,NA,NA,NA,NA,NA,NA,NA,NA,NA,NA,NA,NA,NA,8/6/2025,NA,2.312368578,3.676052174,2.397463742,3.811330894,0,22.0826,4.4534,7.9603,3.9559,38.4522,0,0.574287037,0.11581652,0.207018064,0.102878379,0.32,4.11,64.04366036,5.256517068,NA,NA,NA,NA
65,Cas_38,7/23/2025,D,20:20,20:23,0.000483694,0.487993385,0.670329759,0.505951542,447,12.6,11.5,10.1,8.8,19.63333333,3,Barren,Barren,19.397875,2,19,22,30,23.66666667,5,5,2,2,3,7/23/2025,3.4,5,1.516575089,19,30,100,0,90,8,2,0,0,0.9,0.08,0.02,0,3,0.375123216,0.341451866,0,8,2,0,0,0,0,0.350991427,0.341463415,0.399350649,0.054961336,-7.308366871,NA,NA,0.5,0.5,0,7.51,13.7,538,429.9,10,1.2,0.46,0.03,0.74,0.47,10.3,0.023,8/6/2025,6.92,0.487993385,0.713318759,0.505951542,0.739568889,NA,NA,NA,NA,NA,NA,NA,NA,NA,NA,NA,0.5,6.66,NA,NA,0.011,59.29048,-129.75705,5556
66,Cas_38,7/23/2025,L,20:14,20:20,-0.00042222,-0.225325373,-0.585136242,-0.233617347,447,12.6,11.5,10.1,8.8,19.63333333,3,Barren,Barren,19.397875,2,19,22,30,23.66666667,5,5,2,2,3,7/23/2025,3.4,5,1.516575089,19,30,100,0,90,8,2,0,0,0.9,0.08,0.02,0,3,0.375123216,0.341451866,0,8,2,0,0,0,0,0.350991427,0.341463415,0.399350649,0.054961336,-7.308366871,NA,NA,0.5,0.5,0,7.51,13.7,538,429.9,10,1.2,0.46,0.03,0.74,0.47,10.3,0.023,8/6/2025,6.92,0.487993385,0.713318759,0.505951542,0.739568889,NA,NA,NA,NA,NA,NA,NA,NA,NA,NA,NA,0.5,6.66,NA,NA,0.011,NA,NA,NA
67,Cas_39,7/23/2025,D,20:07,20:11,0.000156271,4.783255432,0.216568731,4.959279231,520,17.3,14.6,9.2,8.1,31.5,10,Graminoid,Meadow,19.397875,9,7,30,14,17,12,5,4,5,24,7/23/2025,10,24,8.455767263,7,30,100,10,10,60,20,0,0.1,0.1,0.6,0.2,0,4,1.088899975,0.785475297,10,60,20,0,0,0.124999998,0,0.364471419,0.345679012,0.437788018,0.086565142,-19.3051804,NA,NA,NA,NA,NA,NA,NA,NA,NA,NA,NA,NA,NA,NA,NA,NA,NA,8/6/2025,NA,4.783255432,7.210877801,4.959279231,7.476238104,NA,NA,NA,NA,NA,NA,NA,NA,NA,NA,NA,0.58,7.95,NA,NA,NA,59.29052,-129.75704,5558
68,Cas_39,7/23/2025,L,20:01,20:07,0.0000397,-2.42762237,0.055087556,-2.516958873,520,17.3,14.6,9.2,8.1,31.5,10,Graminoid,Meadow,19.397875,9,7,30,14,17,12,5,4,5,24,7/23/2025,10,24,8.455767263,7,30,100,10,10,60,20,0,0.1,0.1,0.6,0.2,0,4,1.088899975,0.785475297,10,60,20,0,0,0.124999998,0,0.364471419,0.345679012,0.437788018,0.086565142,-19.3051804,NA,NA,NA,NA,NA,NA,NA,NA,NA,NA,NA,NA,NA,NA,NA,NA,NA,8/6/2025,NA,4.783255432,7.210877801,4.959279231,7.476238104,NA,NA,NA,NA,NA,NA,NA,NA,NA,NA,NA,0.58,7.95,NA,NA,NA,NA,NA,NA
69,Cas_4,7/21/2025,D,19:53,19:57,0.0000362,6.330350205,0.050104343,6.563307092,1686,22.5,14.3,12.6,9.7,28.56666667,6,Barren,Barren,18.23,6,21,30,28,26.33333333,7.5,4,4.5,5,6.5,7/21/2025,5.5,7.5,1.457737974,21,30,100,15,70,5,10,0,0.15,0.7,0.05,0.1,0,4,0.914285581,0.659517637,15,5,10,0,0,0.999999933,0,0.389913406,0.378947368,0.494545455,0.162927774,-26.59345513,NA,NA,0.3,0,0.3,7.03,24.5,458,123.1,7.7,1.05,0.37,0.09,0.8,0.19,4.6,0.001,8/6/2025,6.79,6.330350205,10.98272671,6.563307092,11.38689105,NA,NA,NA,NA,NA,NA,NA,NA,NA,NA,NA,0.89,14.1,NA,NA,0.016,59.29056,-129.75701,5559
70,Cas_4,7/21/2025,L,19:50,19:53,-0.001170252,-4.652376503,-1.621800366,-4.823583959,1686,22.5,14.3,12.6,9.7,28.56666667,6,Barren,Barren,18.23,6,21,30,28,26.33333333,7.5,4,4.5,5,6.5,7/21/2025,5.5,7.5,1.457737974,21,30,100,15,70,5,10,0,0.15,0.7,0.05,0.1,0,4,0.914285581,0.659517637,15,5,10,0,0,0.999999933,0,0.389913406,0.378947368,0.494545455,0.162927774,-26.59345513,NA,NA,0.3,0,0.3,7.03,24.5,458,123.1,7.7,1.05,0.37,0.09,0.8,0.19,4.6,0.001,8/6/2025,6.79,6.330350205,10.98272671,6.563307092,11.38689105,NA,NA,NA,NA,NA,NA,NA,NA,NA,NA,NA,0.89,14.1,NA,NA,0.016,NA,NA,NA
71,Cas_40,7/23/2025,D,19:44,19:47,0.000151318,3.443559713,0.209705231,3.57028271,681,17.8,11.4,9.5,8.4,28.4,8,Graminoid,Meadow,19.397875,15,25,20,30,25,10,5,8,2,15,7/23/2025,8,15,4.949747468,20,30,100,10,20,40,30,0,0.1,0.2,0.4,0.3,0,4,1.279854226,0.923219672,10,40,30,0,0,0.142857141,0,0.358777887,0.342622951,0.435897436,0.074653803,-20.88670713,NA,NA,NA,NA,NA,NA,NA,NA,NA,NA,NA,NA,NA,NA,NA,NA,NA,8/6/2025,NA,3.443559713,8.727915844,3.57028271,9.049103147,NA,NA,NA,NA,NA,NA,NA,NA,NA,NA,NA,0.77,11.37,NA,NA,NA,59.2906,-129.75698,5561
72,Cas_40,7/23/2025,L,19:42,19:44,-0.00365206,-5.284356131,-5.061229523,-5.478820437,681,17.8,11.4,9.5,8.4,28.4,8,Graminoid,Meadow,19.397875,15,25,20,30,25,10,5,8,2,15,7/23/2025,8,15,4.949747468,20,30,100,10,20,40,30,0,0.1,0.2,0.4,0.3,0,4,1.279854226,0.923219672,10,40,30,0,0,0.142857141,0,0.358777887,0.342622951,0.435897436,0.074653803,-20.88670713,NA,NA,NA,NA,NA,NA,NA,NA,NA,NA,NA,NA,NA,NA,NA,NA,NA,8/6/2025,NA,3.443559713,8.727915844,3.57028271,9.049103147,NA,NA,NA,NA,NA,NA,NA,NA,NA,NA,NA,0.77,11.37,NA,NA,NA,NA,NA,NA
73,Cas_41,7/23/2025,D,19:35,19:38,0.000113923,1.124419873,0.157881491,1.165798524,494,16.3,13.6,11.8,9.8,31.76666667,2,Prostrate Shrub,Arctic Willow,19.397875,3,21,17,19,19,0,2,0,1,5,7/23/2025,1.6,5,2.073644135,17,21,100,40,50,10,0,0,0.4,0.5,0.1,0,0,3,0.943348392,0.858672711,40,10,0,0,0,3.9999996,0,0.368616504,0.353293413,0.472049689,0.10280407,-30.56036459,NA,NA,1.7,1.7,0,2.9,18.3,126,127.8,3.4,1.83,0.43,0.02,0.6,0.5,7.5,0.031,8/6/2025,6.96,1.124419873,2.47301732,1.165798524,2.564024357,NA,NA,NA,NA,NA,NA,NA,NA,NA,NA,NA,0.43,6.29,NA,NA,0.009,59.29065,-129.75697,5563
74,Cas_41,7/23/2025,L,19:32,19:35,-0.00143031,-1.348597447,-1.982204286,-1.398225833,494,16.3,13.6,11.8,9.8,31.76666667,2,Prostrate Shrub,Arctic Willow,19.397875,3,21,17,19,19,0,2,0,1,5,7/23/2025,1.6,5,2.073644135,17,21,100,40,50,10,0,0,0.4,0.5,0.1,0,0,3,0.943348392,0.858672711,40,10,0,0,0,3.9999996,0,0.368616504,0.353293413,0.472049689,0.10280407,-30.56036459,NA,NA,1.7,1.7,0,2.9,18.3,126,127.8,3.4,1.83,0.43,0.02,0.6,0.5,7.5,0.031,8/6/2025,6.96,1.124419873,2.47301732,1.165798524,2.564024357,NA,NA,NA,NA,NA,NA,NA,NA,NA,NA,NA,0.43,6.29,NA,NA,0.009,NA,NA,NA
75,Cas_42,7/23/2025,D,19:24,19:28,0.000610566,2.445130072,0.846156221,2.535110859,1140,21.8,14.9,11.6,9.3,29,4,Graminoid,Meadow,19.397875,9,17,17,29,21,6,3,2,5,4,7/23/2025,4,6,1.58113883,17,29,100,10,5,80,5,0,0.1,0.05,0.8,0.05,0,4,0.708346578,0.510964047,10,80,5,0,0,0.117647057,0,0.381973433,0.375854214,0.473684211,0.129122086,-16.34568204,NA,NA,49.1,0,49.1,1.73,148.3,154,230.5,3.2,0.95,1.54,0.03,0.92,0.04,3.5,0.018,8/6/2025,6.93,2.445130072,3.18603764,2.535110859,3.303283826,NA,NA,NA,NA,NA,NA,NA,NA,NA,NA,NA,0.7,11.63,NA,NA,0.009,59.29068,-129.75695,5565
76,Cas_42,7/23/2025,L,19:21,19:24,-0.000544903,-0.740907568,-0.755157161,-0.768172967,1140,21.8,14.9,11.6,9.3,29,4,Graminoid,Meadow,19.397875,9,17,17,29,21,6,3,2,5,4,7/23/2025,4,6,1.58113883,17,29,100,10,5,80,5,0,0.1,0.05,0.8,0.05,0,4,0.708346578,0.510964047,10,80,5,0,0,0.117647057,0,0.381973433,0.375854214,0.473684211,0.129122086,-16.34568204,NA,NA,49.1,0,49.1,1.73,148.3,154,230.5,3.2,0.95,1.54,0.03,0.92,0.04,3.5,0.018,8/6/2025,6.93,2.445130072,3.18603764,2.535110859,3.303283826,NA,NA,NA,NA,NA,NA,NA,NA,NA,NA,NA,0.7,11.63,NA,NA,0.009,NA,NA,NA
77,Cas_43,7/23/2025,D,19:14,19:17,0.000290156,2.070151627,0.402114774,2.146333207,895,21.1,14.6,10.7,8.6,30.5,1,Barren,Barren,19.397875,18,38,25,30,31,1,3,2,0,1,7/23/2025,1.4,3,1.140175425,25,38,100,5,70,10,15,0,0.05,0.7,0.1,0.15,0,4,0.914285581,0.659517637,5,10,15,0,0,0.199999992,0,0.347118193,0.340304183,0.390804598,0.045590002,-9.253238593,0.248739496,19.33613445,NA,NA,NA,NA,NA,NA,NA,NA,NA,NA,NA,NA,NA,NA,NA,8/6/2025,NA,2.070151627,2.810224371,2.146333207,2.913640628,0.713,42.1198,0,0,10.9825,53.8153,0.01324902,0.782673329,0,0,0.204077651,0.32,4.62,55.57232351,0.406463325,NA,59.29073,-129.75693,5564
78,Cas_43,7/23/2025,L,19:09,19:14,-0.002366631,-0.740072744,-3.279810273,-0.767307421,895,21.1,14.6,10.7,8.6,30.5,1,Barren,Barren,19.397875,18,38,25,30,31,1,3,2,0,1,7/23/2025,1.4,3,1.140175425,25,38,100,5,70,10,15,0,0.05,0.7,0.1,0.15,0,4,0.914285581,0.659517637,5,10,15,0,0,0.199999992,0,0.347118193,0.340304183,0.390804598,0.045590002,-9.253238593,0.248739496,19.33613445,NA,NA,NA,NA,NA,NA,NA,NA,NA,NA,NA,NA,NA,NA,NA,8/6/2025,NA,2.070151627,2.810224371,2.146333207,2.913640628,0.713,42.1198,0,0,10.9825,53.8153,0.01324902,0.782673329,0,0,0.204077651,0.32,4.62,55.57232351,0.406463325,NA,NA,NA,NA
79,Cas_44,7/23/2025,D,18:58,19:03,-0.00103994,6.827034846,-1.44120699,7.078269728,882,24.1,14.3,10.8,9.2,29.7,8,Forb,Mountain Sagewort,19.397875,3,18,17,10,15,7,5,7,11,9,7/23/2025,7.8,11,2.28035085,10,18,100,0,15,5,80,0,0,0.15,0.05,0.8,0,3,0.612869452,0.557857816,0,5,80,0,0,0,0,0.363746303,0.344444444,0.450413223,0.08374193,-13.52787865,NA,NA,NA,NA,NA,NA,NA,NA,NA,NA,NA,NA,NA,NA,NA,NA,NA,8/6/2025,NA,6.827034846,11.18189463,7.078269728,11.59338835,NA,NA,NA,NA,NA,NA,NA,NA,NA,NA,NA,0.41,5.76,NA,NA,NA,59.29077,-129.75691,5567
80,Cas_44,7/23/2025,L,18:55,18:58,-0.001448734,-4.354859781,-2.00773653,-4.515118621,882,24.1,14.3,10.8,9.2,29.7,8,Forb,Mountain Sagewort,19.397875,3,18,17,10,15,7,5,7,11,9,7/23/2025,7.8,11,2.28035085,10,18,100,0,15,5,80,0,0,0.15,0.05,0.8,0,3,0.612869452,0.557857816,0,5,80,0,0,0,0,0.363746303,0.344444444,0.450413223,0.08374193,-13.52787865,NA,NA,NA,NA,NA,NA,NA,NA,NA,NA,NA,NA,NA,NA,NA,NA,NA,8/6/2025,NA,6.827034846,11.18189463,7.078269728,11.59338835,NA,NA,NA,NA,NA,NA,NA,NA,NA,NA,NA,0.41,5.76,NA,NA,NA,NA,NA,NA
81,Cas_45,7/23/2025,D,14:29,14:33,0.000643647,2.156654666,0.892001448,2.236019557,740,15.7,14.1,10.5,9.1,17.5,4,Prostrate Shrub,Arctic Willow,19.397875,13,22,30,30,27.33333333,2,2,6,3,5,7/23/2025,3.6,6,1.816590212,22,30,100,90,8,0,2,0,0.9,0.08,0,0.02,0,3,0.375123216,0.341451866,90,0,2,0,0,44.9999775,0,0.389609106,0.364963504,0.486772487,0.122573449,-0.021807538,NA,NA,0.6,0,0.6,6.86,38.3,298,175.7,5.7,1.32,0.74,0.07,0.98,0.08,4.1,0.026,8/6/2025,6.89,2.156654666,4.363779297,2.236019557,4.524366375,NA,NA,NA,NA,NA,NA,NA,NA,NA,NA,NA,0.37,4.93,NA,NA,0.005,59.29066,-129.7568,5559
82,Cas_45,7/23/2025,L,14:25,14:29,-0.000861291,-2.207124631,-1.193625268,-2.288346818,740,15.7,14.1,10.5,9.1,17.5,4,Prostrate Shrub,Arctic Willow,19.397875,13,22,30,30,27.33333333,2,2,6,3,5,7/23/2025,3.6,6,1.816590212,22,30,100,90,8,0,2,0,0.9,0.08,0,0.02,0,3,0.375123216,0.341451866,90,0,2,0,0,44.9999775,0,0.389609106,0.364963504,0.486772487,0.122573449,-0.021807538,NA,NA,0.6,0,0.6,6.86,38.3,298,175.7,5.7,1.32,0.74,0.07,0.98,0.08,4.1,0.026,8/6/2025,6.89,2.156654666,4.363779297,2.236019557,4.524366375,NA,NA,NA,NA,NA,NA,NA,NA,NA,NA,NA,0.37,4.93,NA,NA,0.005,NA,NA,NA
83,Cas_46,7/23/2025,D,14:41,14:45,0.000048,1.421613263,0.06651637,1.473928631,1067,17.8,14.3,13.5,9.1,13.03333333,4,Prostrate Shrub,Arctic Willow,19.397875,8,20,20,30,23.33333333,4,4,5,4,5,7/23/2025,4.4,5,0.547722558,20,30,100,60,20,10,10,0,0.6,0.2,0.1,0.1,0,4,1.088899975,0.785475297,60,10,10,0,0,2.99999985,0,0.399855835,0.391752577,0.486842105,0.155975196,-1.029788893,NA,NA,NA,NA,NA,NA,NA,NA,NA,NA,NA,NA,NA,NA,NA,NA,NA,8/6/2025,NA,1.421613263,2.469186314,1.473928631,2.56005237,NA,NA,NA,NA,NA,NA,NA,NA,NA,NA,NA,0.6,9.07,NA,NA,NA,59.29062,-129.75682,5557
84,Cas_46,7/23/2025,L,14:36,14:41,0.0000225,-1.04757305,0.031131464,-1.086123739,1067,17.8,14.3,13.5,9.1,13.03333333,4,Prostrate Shrub,Arctic Willow,19.397875,8,20,20,30,23.33333333,4,4,5,4,5,7/23/2025,4.4,5,0.547722558,20,30,100,60,20,10,10,0,0.6,0.2,0.1,0.1,0,4,1.088899975,0.785475297,60,10,10,0,0,2.99999985,0,0.399855835,0.391752577,0.486842105,0.155975196,-1.029788893,NA,NA,NA,NA,NA,NA,NA,NA,NA,NA,NA,NA,NA,NA,NA,NA,NA,8/6/2025,NA,1.421613263,2.469186314,1.473928631,2.56005237,NA,NA,NA,NA,NA,NA,NA,NA,NA,NA,NA,0.6,9.07,NA,NA,NA,NA,NA,NA
85,Cas_47,7/23/2025,D,14:52,14:55,-0.000112748,0.787719603,-0.156251835,0.816707684,1436,23.3,13.4,11.6,10.1,20.03333333,14,Graminoid,Meadow,19.397875,11,8,20,15,14.33333333,9,14,24,5,20,7/23/2025,14.4,24,7.765307463,8,20,100,10,5,70,15,0,0.1,0.05,0.7,0.15,0,4,0.914285581,0.659517637,10,70,15,0,0,0.117647057,0,0.313346663,0.322033898,0.353503185,-0.029455289,-0.461430387,0.552645191,17.35359477,NA,NA,NA,NA,NA,NA,NA,NA,NA,NA,NA,NA,NA,NA,NA,8/6/2025,NA,0.787719603,0.619752572,0.816707684,0.642559467,0.2129,13.6251,1.988,20.8834,13.153,49.8624,0.00426975,0.273253995,0.039869721,0.418820594,0.263785939,0.37,5.71,24.14333712,0.777483227,NA,59.29059,-129.75683,5555
86,Cas_47,7/23/2025,L,14:48,14:52,0.000115711,0.16796703,0.160359227,0.174148217,1436,23.3,13.4,11.6,10.1,20.03333333,14,Graminoid,Meadow,19.397875,11,8,20,15,14.33333333,9,14,24,5,20,7/23/2025,14.4,24,7.765307463,8,20,100,10,5,70,15,0,0.1,0.05,0.7,0.15,0,4,0.914285581,0.659517637,10,70,15,0,0,0.117647057,0,0.313346663,0.322033898,0.353503185,-0.029455289,-0.461430387,0.552645191,17.35359477,NA,NA,NA,NA,NA,NA,NA,NA,NA,NA,NA,NA,NA,NA,NA,8/6/2025,NA,0.787719603,0.619752572,0.816707684,0.642559467,0.2129,13.6251,1.988,20.8834,13.153,49.8624,0.00426975,0.273253995,0.039869721,0.418820594,0.263785939,0.37,5.71,24.14333712,0.777483227,NA,NA,NA,NA
87,Cas_48,7/23/2025,D,15:01,15:05,-0.000252354,2.166371973,-0.349726816,2.246094462,516,29.1,14.7,12.7,9.8,31.46666667,1,Barren,Barren,19.397875,11,14,28,20,20.66666667,0,1,2,2,0,7/23/2025,1,2,1,14,28,100,25,60,15,0,0,0.25,0.6,0.15,0,0,3,0.937636962,0.853473943,25,15,0,0,0,1.666666556,0,NA,NA,NA,NA,NA,NA,NA,NA,NA,NA,NA,NA,NA,NA,NA,NA,NA,NA,NA,NA,NA,NA,8/6/2025,NA,2.166371973,2.219974799,2.246094462,2.301669871,NA,NA,NA,NA,NA,NA,NA,NA,NA,NA,NA,0.39,5.33,NA,NA,NA,59.29055,-129.75685,5554
88,Cas_48,7/23/2025,L,14:57,15:01,-0.000546672,-0.053602825,-0.757608529,-0.055575409,516,29.1,14.7,12.7,9.8,31.46666667,1,Barren,Barren,19.397875,11,14,28,20,20.66666667,0,1,2,2,0,7/23/2025,1,2,1,14,28,100,25,60,15,0,0,0.25,0.6,0.15,0,0,3,0.937636962,0.853473943,25,15,0,0,0,1.666666556,0,NA,NA,NA,NA,NA,NA,NA,NA,NA,NA,NA,NA,NA,NA,NA,NA,NA,NA,NA,NA,NA,NA,8/6/2025,NA,2.166371973,2.219974799,2.246094462,2.301669871,NA,NA,NA,NA,NA,NA,NA,NA,NA,NA,NA,0.39,5.33,NA,NA,NA,NA,NA,NA
89,Cas_49,7/23/2025,D,22:08,22:11,-0.000555972,4.060539777,-0.770496593,4.209967641,413,16,12.9,10.4,9,26,7,Forb,Mountain Sagewort,19.397875,0,19,16,21,18.66666667,4,3,7,15,8,7/23/2025,7.4,15,4.722287581,16,21,100,20,0,40,40,0,0.2,0,0.4,0.4,0,3,1.054920168,0.960229718,20,40,40,0,0,0.249999997,0,0.387760905,0.384615385,0.5,0.143342476,-126.8922607,NA,NA,10.2,0.2,10,53.32,157.2,660,521.3,9.2,2.51,1.03,0.08,1.88,0.86,10.4,0.018,8/6/2025,6.91,4.060539777,6.85641397,4.209967641,7.108730004,NA,NA,NA,NA,NA,NA,NA,NA,NA,NA,NA,0.4,6.3,NA,NA,0.009,59.2905,-129.75687,5554
90,Cas_49,7/23/2025,D,22:03,22:08,-0.000555972,4.060539777,-0.770496593,4.209967641,413,16,12.9,10.4,9,26,7,Forb,Mountain Sagewort,19.397875,0,19,16,21,18.66666667,4,3,7,15,8,7/23/2025,7.4,15,4.722287581,16,21,100,20,0,40,40,0,0.2,0,0.4,0.4,0,3,1.054920168,0.960229718,20,40,40,0,0,0.249999997,0,0.436246444,0.432835821,0.521126761,0.239300146,0.025131311,NA,NA,10.2,0.2,10,53.32,157.2,660,521.3,9.2,2.51,1.03,0.08,1.88,0.86,10.4,0.018,8/6/2025,6.91,4.060539777,6.85641397,4.209967641,7.108730004,NA,NA,NA,NA,NA,NA,NA,NA,NA,NA,NA,0.4,6.3,NA,NA,0.009,NA,NA,NA
91,Cas_49,7/23/2025,L,21:55,21:59,-0.001096453,-2.795874193,-1.519525635,-2.898762363,413,16,12.9,10.4,9,26,7,Forb,Mountain Sagewort,19.397875,0,19,16,21,18.66666667,4,3,7,15,8,7/23/2025,7.4,15,4.722287581,16,21,100,20,0,40,40,0,0.2,0,0.4,0.4,0,3,1.054920168,0.960229718,20,40,40,0,0,0.249999997,0,0.387760905,0.384615385,0.5,0.143342476,-126.8922607,NA,NA,10.2,0.2,10,53.32,157.2,660,521.3,9.2,2.51,1.03,0.08,1.88,0.86,10.4,0.018,8/6/2025,6.91,4.060539777,6.85641397,4.209967641,7.108730004,NA,NA,NA,NA,NA,NA,NA,NA,NA,NA,NA,0.4,6.3,NA,NA,0.009,59.29046,-129.7569,5552
92,Cas_49,7/23/2025,L,21:47,21:55,-0.001096453,-2.795874193,-1.519525635,-2.898762363,413,16,12.9,10.4,9,26,7,Forb,Mountain Sagewort,19.397875,0,19,16,21,18.66666667,4,3,7,15,8,7/23/2025,7.4,15,4.722287581,16,21,100,20,0,40,40,0,0.2,0,0.4,0.4,0,3,1.054920168,0.960229718,20,40,40,0,0,0.249999997,0,0.436246444,0.432835821,0.521126761,0.239300146,0.025131311,NA,NA,10.2,0.2,10,53.32,157.2,660,521.3,9.2,2.51,1.03,0.08,1.88,0.86,10.4,0.018,8/6/2025,6.91,4.060539777,6.85641397,4.209967641,7.108730004,NA,NA,NA,NA,NA,NA,NA,NA,NA,NA,NA,0.4,6.3,NA,NA,0.009,NA,NA,NA
93,Cas_5,7/21/2025,D,21:36,21:43,0.000171658,3.963214911,0.237892631,4.109061219,1290,28.5,21.5,13,8.5,24.26666667,14,Graminoid,Meadow,18.23,14,24,6,41,23.66666667,5.5,20,17,11,16,7/21/2025,13.9,20,5.70526073,6,41,100,5,3,85,7,0,0.05,0.03,0.85,0.07,0,4,0.579272643,0.417856885,5,85,7,0,0,0.054347825,0,0.349576806,0.340563991,0.421052632,0.070220139,-53.72357714,0.076435107,3.850420168,NA,NA,NA,NA,NA,NA,NA,NA,NA,NA,NA,NA,NA,NA,NA,8/6/2025,NA,3.963214911,11.17848243,4.109061219,11.58985058,0,20.7192,2.2965,9.9082,40.4922,73.4161,0,0.282216026,0.031280605,0.134959498,0.551543871,1.04,16.56,77.75510204,NA,NA,59.29041,-129.75691,5550
94,Cas_5,7/21/2025,L,21:31,21:36,-0.002034163,-7.21526752,-2.819056801,-7.480789364,1290,28.5,21.5,13,8.5,24.26666667,14,Graminoid,Meadow,18.23,14,24,6,41,23.66666667,5.5,20,17,11,16,7/21/2025,13.9,20,5.70526073,6,41,100,5,3,85,7,0,0.05,0.03,0.85,0.07,0,4,0.579272643,0.417856885,5,85,7,0,0,0.054347825,0,0.349576806,0.340563991,0.421052632,0.070220139,-53.72357714,0.076435107,3.850420168,NA,NA,NA,NA,NA,NA,NA,NA,NA,NA,NA,NA,NA,NA,NA,8/6/2025,NA,3.963214911,11.17848243,4.109061219,11.58985058,0,20.7192,2.2965,9.9082,40.4922,73.4161,0,0.282216026,0.031280605,0.134959498,0.551543871,1.04,16.56,77.75510204,NA,NA,NA,NA,NA
95,Cas_50,7/23/2025,D,21:23,21:28,-0.00000406,0.331093192,-0.005623188,0.343277422,482,22.7,16.1,10.7,9,27.53333333,1,Barren,Barren,19.397875,5,30,27,20,25.66666667,1,1,2,1,1,7/23/2025,1.2,2,0.447213595,20,30,100,10,80,10,0,0,0.1,0.8,0.1,0,0,3,0.63903186,0.581671866,10,10,0,0,0,0.9999999,0,0.34535911,0.337386018,0.397590361,0.036906053,-19.60122796,NA,NA,4.5,0.9,3.6,6.3,41,418,242.7,11.6,1.49,1.87,0.02,0.93,0.66,9.2,0.008,8/6/2025,6.92,0.331093192,0.708822363,0.343277422,0.734907026,NA,NA,NA,NA,NA,NA,NA,NA,NA,NA,NA,0.55,7.96,NA,NA,0.009,59.29035,-129.75691,5548
96,Cas_50,7/23/2025,L,21:18,21:23,-0.0000827,-0.37772917,-0.114643089,-0.391629604,482,22.7,16.1,10.7,9,27.53333333,1,Barren,Barren,19.397875,5,30,27,20,25.66666667,1,1,2,1,1,7/23/2025,1.2,2,0.447213595,20,30,100,10,80,10,0,0,0.1,0.8,0.1,0,0,3,0.63903186,0.581671866,10,10,0,0,0,0.9999999,0,0.34535911,0.337386018,0.397590361,0.036906053,-19.60122796,NA,NA,4.5,0.9,3.6,6.3,41,418,242.7,11.6,1.49,1.87,0.02,0.93,0.66,9.2,0.008,8/6/2025,6.92,0.331093192,0.708822363,0.343277422,0.734907026,NA,NA,NA,NA,NA,NA,NA,NA,NA,NA,NA,0.55,7.96,NA,NA,0.009,NA,NA,NA
97,Cas_51,7/23/2025,D,21:09,21:14,-0.00035906,10.15400232,-0.497605947,10.5276696,1748,20.8,16.3,10.7,8.2,28.16666667,3,Prostrate Shrub,Arctic Willow,19.397875,3,20,5,30,18.33333333,6,3,0,4,4,7/23/2025,3.4,6,2.19089023,5,30,100,70,5,15,10,0,0.7,0.05,0.15,0.1,0,4,0.914285581,0.659517637,70,15,10,0,0,2.799999888,0,0.40630055,0.397932817,0.510204082,0.183300718,-19.73348971,NA,NA,NA,NA,NA,NA,NA,NA,NA,NA,NA,NA,NA,NA,NA,NA,NA,8/6/2025,NA,10.15400232,12.90504086,10.5276696,13.37994636,NA,NA,NA,NA,NA,NA,NA,NA,NA,NA,NA,0.41,5.83,NA,NA,NA,59.29035,-129.75691,5548
98,Cas_51,7/23/2025,L,21:04,21:09,-0.000701899,-2.751038539,-0.972731245,-2.852276757,1748,20.8,16.3,10.7,8.2,28.16666667,3,Prostrate Shrub,Arctic Willow,19.397875,3,20,5,30,18.33333333,6,3,0,4,4,7/23/2025,3.4,6,2.19089023,5,30,100,70,5,15,10,0,0.7,0.05,0.15,0.1,0,4,0.914285581,0.659517637,70,15,10,0,0,2.799999888,0,0.40630055,0.397932817,0.510204082,0.183300718,-19.73348971,NA,NA,NA,NA,NA,NA,NA,NA,NA,NA,NA,NA,NA,NA,NA,NA,NA,8/6/2025,NA,10.15400232,12.90504086,10.5276696,13.37994636,NA,NA,NA,NA,NA,NA,NA,NA,NA,NA,NA,0.41,5.83,NA,NA,NA,NA,NA,NA
99,Cas_52,7/23/2025,D,20:54,21:00,-0.000156684,0.031784442,-0.217141312,0.032954109,583,15.1,13.5,10.8,9.3,22.9,3,Prostrate Shrub,Net-leaved Willow,19.397875,7,35,10,31,25.33333333,4,3,0,5,5,7/23/2025,3.4,5,2.073644135,10,35,100,80,2,15,3,0,0.8,0.02,0.15,0.03,0,4,0.646520036,0.466365625,80,15,3,0,0,4.444444198,0,0.417585571,0.409729265,0.513513514,0.194556907,-5.224825873,NA,NA,NA,NA,NA,NA,NA,NA,NA,NA,NA,NA,NA,NA,NA,NA,NA,8/6/2025,NA,0.031784442,0.536890957,0.032954109,0.556648544,NA,NA,NA,NA,NA,NA,NA,NA,NA,NA,NA,0.37,5.42,NA,NA,NA,59.29027,-129.75694,5541
100,Cas_52,7/23/2025,L,20:50,20:54,-0.0000519,-0.505106515,-0.071930211,-0.523694435,583,15.1,13.5,10.8,9.3,22.9,3,Prostrate Shrub,Net-leaved Willow,19.397875,7,35,10,31,25.33333333,4,3,0,5,5,7/23/2025,3.4,5,2.073644135,10,35,100,80,2,15,3,0,0.8,0.02,0.15,0.03,0,4,0.646520036,0.466365625,80,15,3,0,0,4.444444198,0,0.417585571,0.409729265,0.513513514,0.194556907,-5.224825873,NA,NA,NA,NA,NA,NA,NA,NA,NA,NA,NA,NA,NA,NA,NA,NA,NA,8/6/2025,NA,0.031784442,0.536890957,0.032954109,0.556648544,NA,NA,NA,NA,NA,NA,NA,NA,NA,NA,NA,0.37,5.42,NA,NA,NA,NA,NA,NA
101,Cas_53,7/23/2025,D,14:19,14:21,0.000466563,0.592401925,0.646589204,0.614202316,559,15.4,13.3,10.6,9.1,26.33333333,5,Graminoid,Meadow,19.397875,11,19,15,16,16.66666667,7,4,2,5,9,7/23/2025,5.4,9,2.701851217,15,19,100,0,15,80,5,0,0,0.15,0.8,0.05,0,3,0.612869452,0.557857816,0,80,5,0,0,0,0,0.353108511,0.342939481,0.422018349,0.060774004,-25.93992878,NA,NA,4.2,0.5,3.7,1.48,31.3,295,287.4,4,1.31,0.84,0.02,0.94,0.59,9.3,0.004,8/6/2025,6.89,0.592401925,1.963368496,0.614202316,2.035620457,NA,NA,NA,NA,NA,NA,NA,NA,NA,NA,NA,0.38,6.16,NA,NA,0.005,59.29018,-129.75685,5532
102,Cas_53,7/23/2025,L,14:15,14:19,-0.000311739,-1.370966571,-0.432025482,-1.421418141,559,15.4,13.3,10.6,9.1,26.33333333,5,Graminoid,Meadow,19.397875,11,19,15,16,16.66666667,7,4,2,5,9,7/23/2025,5.4,9,2.701851217,15,19,100,0,15,80,5,0,0,0.15,0.8,0.05,0,3,0.612869452,0.557857816,0,80,5,0,0,0,0,0.353108511,0.342939481,0.422018349,0.060774004,-25.93992878,NA,NA,4.2,0.5,3.7,1.48,31.3,295,287.4,4,1.31,0.84,0.02,0.94,0.59,9.3,0.004,8/6/2025,6.89,0.592401925,1.963368496,0.614202316,2.035620457,NA,NA,NA,NA,NA,NA,NA,NA,NA,NA,NA,0.38,6.16,NA,NA,0.005,NA,NA,NA
103,Cas_54,7/23/2025,D,14:09,14:12,0.000223865,1.06068909,0.310245259,1.099722448,1285,28.8,13.8,11.3,9.5,30.23333333,0,Barren,Barren,19.397875,3,25,25,49,33,0,1,0,0.5,0,7/23/2025,0.3,1,0.447213595,25,49,100,5,90,5,0,0,0.05,0.9,0.05,0,0,3,0.394397691,0.35899625,5,5,0,0,0,0.9999998,0,0.329572354,0.332089552,0.354017955,0.000236321,-96.27959209,NA,NA,NA,NA,NA,NA,NA,NA,NA,NA,NA,NA,NA,NA,NA,NA,NA,8/6/2025,NA,1.06068909,1.515883817,1.099722448,1.571668341,NA,NA,NA,NA,NA,NA,NA,NA,NA,NA,NA,0.55,7.05,NA,NA,0.008,59.29022,-129.75682,5536
104,Cas_54,7/23/2025,L,14:03,14:09,0.000116914,-0.455194727,0.162026365,-0.471945893,1285,28.8,13.8,11.3,9.5,30.23333333,0,Barren,Barren,19.397875,3,25,25,49,33,0,1,0,0.5,0,7/23/2025,0.3,1,0.447213595,25,49,100,5,90,5,0,0,0.05,0.9,0.05,0,0,3,0.394397691,0.35899625,5,5,0,0,0,0.9999998,0,0.329572354,0.332089552,0.354017955,0.000236321,-96.27959209,NA,NA,NA,NA,NA,NA,NA,NA,NA,NA,NA,NA,NA,NA,NA,NA,NA,8/6/2025,NA,1.06068909,1.515883817,1.099722448,1.571668341,NA,NA,NA,NA,NA,NA,NA,NA,NA,NA,NA,0.55,7.05,NA,NA,0.008,NA,NA,NA
105,Cas_55,7/23/2025,D,13:56,13:59,0.0000648,1.210999588,0.089858653,1.255564373,2118,22.9,17.4,10.3,9,33.33333333,4,Prostrate Shrub,Arctic Willow,19.397875,4,20,25,27,24,6,3,2,4,3,7/23/2025,3.6,6,1.516575089,20,27,100,60,10,15,15,0,0.6,0.1,0.15,0.15,0,4,1.105889879,0.797730922,60,15,15,0,0,1.999999933,0,0.402522205,0.398989899,0.512987013,0.153125404,-23.57157918,NA,NA,4.9,1.1,3.8,2.3,60.2,261,250.1,9.2,1.83,0.92,0.06,1.14,0.09,4.7,0.006,8/6/2025,6.97,1.210999588,2.274418444,1.255564373,2.358117043,NA,NA,NA,NA,NA,NA,NA,NA,NA,NA,NA,0.4,5.13,NA,NA,0.003,59.29027,-129.7568,5539
106,Cas_55,7/23/2025,L,13:51,13:56,-0.000000905,-1.063418856,-0.001254217,-1.10255267,2118,22.9,17.4,10.3,9,33.33333333,4,Prostrate Shrub,Arctic Willow,19.397875,4,20,25,27,24,6,3,2,4,3,7/23/2025,3.6,6,1.516575089,20,27,100,60,10,15,15,0,0.6,0.1,0.15,0.15,0,4,1.105889879,0.797730922,60,15,15,0,0,1.999999933,0,0.402522205,0.398989899,0.512987013,0.153125404,-23.57157918,NA,NA,4.9,1.1,3.8,2.3,60.2,261,250.1,9.2,1.83,0.92,0.06,1.14,0.09,4.7,0.006,8/6/2025,6.97,1.210999588,2.274418444,1.255564373,2.358117043,NA,NA,NA,NA,NA,NA,NA,NA,NA,NA,NA,0.4,5.13,NA,NA,0.003,NA,NA,NA
107,Cas_56,7/23/2025,D,13:43,13:46,0.0000641,1.687591053,0.088894232,1.749694404,1564,25.1,15.2,9.2,8.5,21.6,3,Prostrate Shrub,Net-leaved Willow,19.397875,11,10,20,19,16.33333333,4,5,2,2,4,7/23/2025,3.4,5,1.341640786,10,20,100,90,6,2,2,0,0.9,0.06,0.02,0.02,0,4,0.420110027,0.303045327,90,2,2,0,0,22.49999438,0,0.442607087,0.438596491,0.560606061,0.229712722,-6.11507224,NA,NA,NA,NA,NA,NA,NA,NA,NA,NA,NA,NA,NA,NA,NA,NA,NA,8/6/2025,NA,1.687591053,2.266106348,1.749694404,2.349499062,NA,NA,NA,NA,NA,NA,NA,NA,NA,NA,NA,0.23,2.94,NA,NA,NA,59.2903,-129.7568,5542
108,Cas_56,7/23/2025,L,13:27,13:43,0.0000946,-0.578515295,0.131136976,-0.599804658,1564,25.1,15.2,9.2,8.5,21.6,3,Prostrate Shrub,Net-leaved Willow,19.397875,11,10,20,19,16.33333333,4,5,2,2,4,7/23/2025,3.4,5,1.341640786,10,20,100,90,6,2,2,0,0.9,0.06,0.02,0.02,0,4,0.420110027,0.303045327,90,2,2,0,0,22.49999438,0,0.442607087,0.438596491,0.560606061,0.229712722,-6.11507224,NA,NA,NA,NA,NA,NA,NA,NA,NA,NA,NA,NA,NA,NA,NA,NA,NA,8/6/2025,NA,1.687591053,2.266106348,1.749694404,2.349499062,NA,NA,NA,NA,NA,NA,NA,NA,NA,NA,NA,0.23,2.94,NA,NA,NA,NA,NA,NA
109,Cas_57,7/23/2025,D,13:31,13:35,-0.000782869,6.973385404,-1.08494406,7.230005987,2020,27.3,16.9,9.9,9.3,22.93333333,12,Erect Shrub,Tall Shrub,19.397875,10,7,28,10,15,15,15,0,19,13,7/23/2025,12.4,19,7.26636085,7,28,100,0,15,20,5,60,0,0.15,0.2,0.05,0.6,4,1.062737568,0.76660311,60,20,5,0,0,2.399999904,0,0.38145657,0.354368932,0.489655172,0.14079065,20.86773585,NA,NA,5.6,1,4.6,11.39,57.6,189,189.5,5.9,2.39,0.61,0.08,1.45,0.1,5.2,0.003,8/6/2025,6.94,6.973385404,8.192235325,7.230005987,8.493709585,NA,NA,NA,NA,NA,NA,NA,NA,NA,NA,NA,0.25,3.46,NA,NA,0.008,59.29033,-129.75678,5542
110,Cas_57,7/23/2025,L,13:16,13:31,-0.000744936,-1.218849922,-1.03237344,-1.263703599,2020,27.3,16.9,9.9,9.3,22.93333333,12,Erect Shrub,Tall Shrub,19.397875,10,7,28,10,15,15,15,0,19,13,7/23/2025,12.4,19,7.26636085,7,28,100,0,15,20,5,60,0,0.15,0.2,0.05,0.6,4,1.062737568,0.76660311,60,20,5,0,0,2.399999904,0,0.38145657,0.354368932,0.489655172,0.14079065,20.86773585,NA,NA,5.6,1,4.6,11.39,57.6,189,189.5,5.9,2.39,0.61,0.08,1.45,0.1,5.2,0.003,8/6/2025,6.94,6.973385404,8.192235325,7.230005987,8.493709585,NA,NA,NA,NA,NA,NA,NA,NA,NA,NA,NA,0.25,3.46,NA,NA,0.008,NA,NA,NA
111,Cas_58,7/23/2025,D,13:21,13:24,0.001750662,7.709547695,2.426165577,7.99325905,1797,20.2,16.3,9.9,9,23.13333333,7,Forb,Mountain Sagewort,19.397875,0,11,6,22,13,9,0.5,7,10,8,7/23/2025,6.9,10,3.748332963,6,22,100,0,10,40,50,0,0,0.1,0.4,0.5,0,3,0.943348392,0.858672711,0,40,50,0,0,0,0,0.402827338,0.390804598,0.51572327,0.130584195,-18.18644406,0.231364146,18.87759104,NA,NA,NA,NA,NA,NA,NA,NA,NA,NA,NA,NA,NA,NA,NA,8/6/2025,NA,7.709547695,12.4907703,7.99325905,12.95043065,7.9528,41.2134,0.1718,0,21.5076,70.8456,0.112255384,0.581735492,0.002424992,0,0.303584132,0.33,4.87,51.9066379,1.101065324,0.005,59.29037,-129.75677,5543
112,Cas_58,7/23/2025,L,13:06,13:21,-0.00192115,-4.781222608,-2.662437925,-4.9571716,1797,20.2,16.3,9.9,9,23.13333333,7,Forb,Mountain Sagewort,19.397875,0,11,6,22,13,9,0.5,7,10,8,7/23/2025,6.9,10,3.748332963,6,22,100,0,10,40,50,0,0,0.1,0.4,0.5,0,3,0.943348392,0.858672711,0,40,50,0,0,0,0,0.402827338,0.390804598,0.51572327,0.130584195,-18.18644406,0.231364146,18.87759104,NA,NA,NA,NA,NA,NA,NA,NA,NA,NA,NA,NA,NA,NA,NA,8/6/2025,NA,7.709547695,12.4907703,7.99325905,12.95043065,7.9528,41.2134,0.1718,0,21.5076,70.8456,0.112255384,0.581735492,0.002424992,0,0.303584132,0.33,4.87,51.9066379,1.101065324,0.005,NA,NA,NA
113,Cas_59,7/23/2025,D,13:10,13:13,0.000687386,0.838502074,0.952618337,0.86935895,1358,17.2,13.6,10.6,9,27.76666667,1,Barren,Barren,19.397875,8,5,7,10,7.333333333,4,0,0.5,0.5,0,7/23/2025,1,4,1.695582496,5,10,100,0,85,12,3,0,0,0.85,0.12,0.03,0,3,0.497769451,0.45308928,0,12,3,0,0,0,0,0.32722212,0.335600907,0.358974359,0.011704769,-88.41998266,NA,NA,NA,NA,NA,NA,NA,NA,NA,NA,NA,NA,NA,NA,NA,NA,NA,8/6/2025,NA,0.838502074,-0.099555755,0.86935895,-0.103219407,NA,NA,NA,NA,NA,NA,NA,NA,NA,NA,NA,0.28,4,NA,NA,NA,59.29041,-129.75676,5546
114,Cas_59,7/23/2025,L,12:52,13:10,-0.003180141,0.938057829,-4.407217707,0.972578357,1358,17.2,13.6,10.6,9,27.76666667,1,Barren,Barren,19.397875,8,5,7,10,7.333333333,4,0,0.5,0.5,0,7/23/2025,1,4,1.695582496,5,10,100,0,85,12,3,0,0,0.85,0.12,0.03,0,3,0.497769451,0.45308928,0,12,3,0,0,0,0,0.32722212,0.335600907,0.358974359,0.011704769,-88.41998266,NA,NA,NA,NA,NA,NA,NA,NA,NA,NA,NA,NA,NA,NA,NA,NA,NA,8/6/2025,NA,0.838502074,-0.099555755,0.86935895,-0.103219407,NA,NA,NA,NA,NA,NA,NA,NA,NA,NA,NA,0.28,4,NA,NA,NA,NA,NA,NA
115,Cas_6,7/21/2025,D,12:56,12:59,0.000184711,1.144801991,0.255983145,1.186930704,1705,22.4,17,12.2,6.8,20.86666667,10,Forb,Mountain Sagewort,18.23,3,32,23,11,22,13,8,8,11,10,7/21/2025,10,13,2.121320344,11,32,100,0,15,10,75,0,0,0.15,0.1,0.75,0,3,0.730588061,0.665009912,0,10,75,0,0,0,0,0.402278487,0.397683398,0.517857143,0.163134999,-6.337290224,0.18881606,18.82427638,NA,NA,NA,NA,NA,NA,NA,NA,NA,NA,NA,NA,NA,NA,NA,8/6/2025,NA,1.144801991,1.673541824,1.186930704,1.735128163,6.6531,18.6527,3.3465,0,5.2678,33.9201,0.196140342,0.549901091,0.098658318,0,0.15530025,0.62,9.25,77.34939363,0.800824887,NA,59.29044,-129.75674,5548
116,Cas_6,7/21/2025,L,12:42,12:56,-0.0000136,-0.528739834,-0.018800444,-0.54819746,1705,22.4,17,12.2,6.8,20.86666667,10,Forb,Mountain Sagewort,18.23,3,32,23,11,22,13,8,8,11,10,7/21/2025,10,13,2.121320344,11,32,100,0,15,10,75,0,0,0.15,0.1,0.75,0,3,0.730588061,0.665009912,0,10,75,0,0,0,0,0.402278487,0.397683398,0.517857143,0.163134999,-6.337290224,0.18881606,18.82427638,NA,NA,NA,NA,NA,NA,NA,NA,NA,NA,NA,NA,NA,NA,NA,8/6/2025,NA,1.144801991,1.673541824,1.186930704,1.735128163,6.6531,18.6527,3.3465,0,5.2678,33.9201,0.196140342,0.549901091,0.098658318,0,0.15530025,0.62,9.25,77.34939363,0.800824887,NA,NA,NA,NA
117,Cas_60,7/23/2025,D,12:46,12:50,-0.000596884,7.069692459,-0.827194802,7.329857142,1525,19.7,16.2,9.8,8.9,27.1,3,Prostrate Shrub,Arctic Willow,19.397875,2,7,30,20,19,5,3,1,4,2,7/23/2025,3,5,1.58113883,7,30,100,70,10,15,5,0,0.7,0.1,0.15,0.05,0,4,0.914285581,0.659517637,70,15,5,0,0,3.499999825,0,0.384997284,0.365546218,0.50877193,0.119335927,-44.87011653,NA,NA,18.9,0.5,18.4,52.87,68.4,272,337.7,25.2,5.59,3.74,0.07,1.59,0.22,5.8,0,8/6/2025,6.93,7.069692459,9.327463193,7.329857142,9.670713838,NA,NA,NA,NA,NA,NA,NA,NA,NA,NA,NA,0.62,8.79,NA,NA,0.006,59.2905,-129.75672,5549
118,Cas_60,7/23/2025,L,12:33,12:46,-0.001261463,-2.257770734,-1.748206196,-2.340856697,1525,19.7,16.2,9.8,8.9,27.1,3,Prostrate Shrub,Arctic Willow,19.397875,2,7,30,20,19,5,3,1,4,2,7/23/2025,3,5,1.58113883,7,30,100,70,10,15,5,0,0.7,0.1,0.15,0.05,0,4,0.914285581,0.659517637,70,15,5,0,0,3.499999825,0,0.384997284,0.365546218,0.50877193,0.119335927,-44.87011653,NA,NA,18.9,0.5,18.4,52.87,68.4,272,337.7,25.2,5.59,3.74,0.07,1.59,0.22,5.8,0,8/6/2025,6.93,7.069692459,9.327463193,7.329857142,9.670713838,NA,NA,NA,NA,NA,NA,NA,NA,NA,NA,NA,0.62,8.79,NA,NA,0.006,NA,NA,NA
119,Cas_61,7/21/2025,D,12:37,12:40,0.000120338,5.29498578,0.166770925,5.489841256,1267,22.8,15.4,10.3,7,30.6,10,Graminoid,Meadow,18.23,NA,18,11,18,15.66666667,18,12,7,9,5,7/21/2025,10.2,18,5.069516742,11,18,100,3,0,95,2,0,0.03,0,0.95,0.02,0,3,0.232165827,0.211326443,3,95,2,0,0,0.030927835,0,0.344547584,0.343629344,0.409090909,0.049659226,-35.42423154,NA,NA,4.6,1.5,3.1,13.91,66.6,433,244.7,14.8,1.47,2.24,0.08,1.22,0.1,4.7,0.005,8/6/2025,7.03,5.29498578,3.559374351,5.489841256,3.690359327,NA,NA,NA,NA,NA,NA,NA,NA,NA,NA,NA,0.6,7.75,NA,NA,0.018,59.29053,-129.7567,5551
120,Cas_61,7/21/2025,L,NA,12:37,-0.000375514,1.735611429,-0.520407958,1.79948193,1267,22.8,15.4,10.3,7,30.6,10,Graminoid,Meadow,18.23,NA,18,11,18,15.66666667,18,12,7,9,5,7/21/2025,10.2,18,5.069516742,11,18,100,3,0,95,2,0,0.03,0,0.95,0.02,0,3,0.232165827,0.211326443,3,95,2,0,0,0.030927835,0,0.344547584,0.343629344,0.409090909,0.049659226,-35.42423154,NA,NA,4.6,1.5,3.1,13.91,66.6,433,244.7,14.8,1.47,2.24,0.08,1.22,0.1,4.7,0.005,8/6/2025,7.03,5.29498578,3.559374351,5.489841256,3.690359327,NA,NA,NA,NA,NA,NA,NA,NA,NA,NA,NA,0.6,7.75,NA,NA,0.018,NA,NA,NA
121,Cas_62,7/21/2025,D,12:30,12:49,-0.000323838,6.644386948,-0.448792467,6.888900388,1766,18.5,19.9,9.5,7,8.333333333,5,Prostrate Shrub,Arctic Willow,18.23,NA,14,15,18,15.66666667,5,5,5,7,3,7/21/2025,5,7,1.414213562,14,18,100,40,35,10,15,0,0.4,0.35,0.1,0.15,0,4,1.248780543,0.900804749,40,10,15,0,0,1.599999936,0,0.396439262,0.377410468,0.52173913,0.13646703,-20.96230244,NA,NA,7.2,0.4,6.8,22.44,81.6,328,306.5,12.1,3.58,8.25,0.11,1.28,0.1,4.8,0,8/6/2025,6.94,6.644386948,10.44639761,6.888900388,10.83082505,NA,NA,NA,NA,NA,NA,NA,NA,NA,NA,NA,0.31,3.98,NA,NA,0.011,59.29046,-129.75657,5544
122,Cas_62,7/21/2025,L,12:41,12:30,-0.000636733,-3.802010667,-0.882420139,-3.941924659,1766,18.5,19.9,9.5,7,8.333333333,5,Prostrate Shrub,Arctic Willow,18.23,NA,14,15,18,15.66666667,5,5,5,7,3,7/21/2025,5,7,1.414213562,14,18,100,40,35,10,15,0,0.4,0.35,0.1,0.15,0,4,1.248780543,0.900804749,40,10,15,0,0,1.599999936,0,0.396439262,0.377410468,0.52173913,0.13646703,-20.96230244,NA,NA,7.2,0.4,6.8,22.44,81.6,328,306.5,12.1,3.58,8.25,0.11,1.28,0.1,4.8,0,8/6/2025,6.94,6.644386948,10.44639761,6.888900388,10.83082505,NA,NA,NA,NA,NA,NA,NA,NA,NA,NA,NA,0.31,3.98,NA,NA,0.011,NA,NA,NA
123,Cas_63,7/21/2025,D,12:45,13:04,-0.000424435,0.853064842,-0.58820605,0.884457629,1867,24.8,14.4,10.5,7,8.2,2,Barren,Barren,18.23,NA,16,23,21,20,3,2,3,2,2,7/21/2025,2.4,3,0.547722558,16,23,100,0,90,5,5,0,0,0.9,0.05,0.05,0,3,0.394397691,0.35899625,0,5,5,0,0,0,0,0.329133504,0.334814815,0.356065648,0.016860222,-177.761973,NA,NA,NA,NA,NA,NA,NA,NA,NA,NA,NA,NA,NA,NA,NA,NA,NA,8/6/2025,NA,0.853064842,0.833837829,0.884457629,0.864523061,NA,NA,NA,NA,NA,NA,NA,NA,NA,NA,NA,0.56,8.87,NA,NA,NA,59.29042,-129.75657,5542
124,Cas_63,7/21/2025,L,12:54,12:45,-0.000199838,0.019227014,-0.276946037,0.019934568,1867,24.8,14.4,10.5,7,8.2,2,Barren,Barren,18.23,NA,16,23,21,20,3,2,3,2,2,7/21/2025,2.4,3,0.547722558,16,23,100,0,90,5,5,0,0,0.9,0.05,0.05,0,3,0.394397691,0.35899625,0,5,5,0,0,0,0,0.329133504,0.334814815,0.356065648,0.016860222,-177.761973,NA,NA,NA,NA,NA,NA,NA,NA,NA,NA,NA,NA,NA,NA,NA,NA,NA,8/6/2025,NA,0.853064842,0.833837829,0.884457629,0.864523061,NA,NA,NA,NA,NA,NA,NA,NA,NA,NA,NA,0.56,8.87,NA,NA,NA,NA,NA,NA
125,Cas_64,7/21/2025,D,13:01,13:21,-0.000680165,3.577740793,-0.942611241,3.709401654,1422,NA,NA,13.3,10.8,16.23333333,13,Erect Shrub,Tall Shrub,18.23,1,18,13,23,18,24,20,2,18,2,7/21/2025,13.2,24,10.44988038,13,23,100,5,25,5,0,65,0.05,0.25,0.05,0,0.65,4,0.926155713,0.668080127,70,5,0,0,0,13.9999972,0,0.366902295,0.34562212,0.452887538,0.1275695,-53.68132561,NA,NA,18.9,0.9,18,4.01,117.9,488,477.4,5.4,1.49,1.01,0.07,2.16,0.59,11.8,0.023,8/6/2025,6.9,3.577740793,4.081220707,3.709401654,4.231409629,NA,NA,NA,NA,NA,NA,NA,NA,NA,NA,NA,0.29,3.63,NA,NA,0.006,59.29039,-129.75659,5539
126,Cas_64,7/21/2025,L,13:10,13:01,-0.000569202,-0.503479914,-0.788832503,-0.522007975,1422,NA,NA,13.3,10.8,16.23333333,13,Erect Shrub,Tall Shrub,18.23,1,18,13,23,18,24,20,2,18,2,7/21/2025,13.2,24,10.44988038,13,23,100,5,25,5,0,65,0.05,0.25,0.05,0,0.65,4,0.926155713,0.668080127,70,5,0,0,0,13.9999972,0,0.366902295,0.34562212,0.452887538,0.1275695,-53.68132561,NA,NA,18.9,0.9,18,4.01,117.9,488,477.4,5.4,1.49,1.01,0.07,2.16,0.59,11.8,0.023,8/6/2025,6.9,3.577740793,4.081220707,3.709401654,4.231409629,NA,NA,NA,NA,NA,NA,NA,NA,NA,NA,NA,0.29,3.63,NA,NA,0.006,NA,NA,NA
127,Cas_65,7/21/2025,D,13:17,13:38,-0.000233912,4.356716254,-0.324167689,4.517043412,1797,23.6,NA,13.1,11.1,14.6,2,Barren,Barren,18.23,15,18,21,15,18,3,0,2,4,0,7/21/2025,1.8,4,1.788854382,15,21,100,15,83,0,2,0,0.15,0.83,0,0.02,0,3,0.517462008,0.471014218,15,0,2,0,0,7.49999625,0,0.305664636,0.326465927,0.375,0.0000705,-192.2453999,NA,NA,NA,NA,NA,NA,NA,NA,NA,NA,NA,NA,NA,NA,NA,NA,NA,8/6/2025,NA,4.356716254,4.460665241,4.517043412,4.624817722,NA,NA,NA,NA,NA,NA,NA,NA,NA,NA,NA,0.21,2.34,NA,NA,0.003,59.29033,-129.75662,5538
128,Cas_65,7/21/2025,L,13:27,13:17,-0.000394185,-0.103948987,-0.546284022,-0.107774309,1797,23.6,NA,13.1,11.1,14.6,2,Barren,Barren,18.23,15,18,21,15,18,3,0,2,4,0,7/21/2025,1.8,4,1.788854382,15,21,100,15,83,0,2,0,0.15,0.83,0,0.02,0,3,0.517462008,0.471014218,15,0,2,0,0,7.49999625,0,0.305664636,0.326465927,0.375,0.0000705,-192.2453999,NA,NA,NA,NA,NA,NA,NA,NA,NA,NA,NA,NA,NA,NA,NA,NA,NA,8/6/2025,NA,4.356716254,4.460665241,4.517043412,4.624817722,NA,NA,NA,NA,NA,NA,NA,NA,NA,NA,NA,0.21,2.34,NA,NA,0.003,NA,NA,NA
129,Cas_66,7/21/2025,D,13:35,13:51,0.000953011,9.326318175,1.320735767,9.669526683,1727,28.7,NA,12.6,9.5,7.4,3,Prostrate Shrub,Net-leaved Willow,18.23,15,18,23,16,19,3,4,3,2,2,7/21/2025,2.8,4,0.836660027,16,23,100,75,25,0,0,0,0.75,0.25,0,0,0,2,0.562335145,0.811278124,75,0,0,0,0,75000000,0,0.425112799,0.422632794,0.542857143,0.19804775,-16.05392378,NA,NA,4.6,0.8,3.8,2.17,29.9,190,138.6,3.2,1.77,0.7,0.09,0.74,0.17,4.9,0.015,8/7/2025,6.9,9.326318175,10.80327776,9.669526683,11.20083838,NA,NA,NA,NA,NA,NA,NA,NA,NA,NA,NA,0.34,4.45,NA,NA,0.005,59.29029,-129.75663,5534
130,Cas_66,7/21/2025,L,13:43,13:35,-0.000303727,-1.476959584,-0.420922181,-1.531311697,1727,28.7,NA,12.6,9.5,7.4,3,Prostrate Shrub,Net-leaved Willow,18.23,15,18,23,16,19,3,4,3,2,2,7/21/2025,2.8,4,0.836660027,16,23,100,75,25,0,0,0,0.75,0.25,0,0,0,2,0.562335145,0.811278124,75,0,0,0,0,75000000,0,0.425112799,0.422632794,0.542857143,0.19804775,-16.05392378,NA,NA,4.6,0.8,3.8,2.17,29.9,190,138.6,3.2,1.77,0.7,0.09,0.74,0.17,4.9,0.015,8/7/2025,6.9,9.326318175,10.80327776,9.669526683,11.20083838,NA,NA,NA,NA,NA,NA,NA,NA,NA,NA,NA,0.34,4.45,NA,NA,0.005,NA,NA,NA
131,Cas_67,7/21/2025,D,13:48,14:03,0.000565662,3.961123742,0.783926047,4.106893096,1930,29.4,NA,8.3,6.8,20.4,3,Prostrate Shrub,Net-leaved Willow,18.23,7,25,7,10,14,3,0,4,2,5,7/21/2025,2.8,5,1.923538406,7,25,100,80,12,7,1,0,0.8,0.12,0.07,0.01,0,4,0.66514637,0.479801685,80,7,1,0,0,9.99999875,0,0.433709823,0.422413793,0.555555556,0.153131449,-10.49668585,NA,NA,NA,NA,NA,NA,NA,NA,NA,NA,NA,NA,NA,NA,NA,NA,NA,8/7/2025,NA,3.961123742,4.509618232,4.106893096,4.675572183,NA,NA,NA,NA,NA,NA,NA,NA,NA,NA,NA,0.51,6.82,NA,NA,NA,59.29025,-129.75663,5531
132,Cas_67,7/21/2025,L,13:55,13:48,-0.000194166,-0.54849449,-0.269086422,-0.568679087,1930,29.4,NA,8.3,6.8,20.4,3,Prostrate Shrub,Net-leaved Willow,18.23,7,25,7,10,14,3,0,4,2,5,7/21/2025,2.8,5,1.923538406,7,25,100,80,12,7,1,0,0.8,0.12,0.07,0.01,0,4,0.66514637,0.479801685,80,7,1,0,0,9.99999875,0,0.433709823,0.422413793,0.555555556,0.153131449,-10.49668585,NA,NA,NA,NA,NA,NA,NA,NA,NA,NA,NA,NA,NA,NA,NA,NA,NA,8/7/2025,NA,3.961123742,4.509618232,4.106893096,4.675572183,NA,NA,NA,NA,NA,NA,NA,NA,NA,NA,NA,0.51,6.82,NA,NA,NA,NA,NA,NA
133,Cas_68,7/21/2025,D,14:00,14:15,-0.0000314,2.80776187,-0.043553601,2.911087507,1730,27.6,16.9,8.5,6.2,6.633333333,4,Prostrate Shrub,Net-leaved Willow,18.23,9,5,15,20,13.33333333,3,6,4,0,5,7/21/2025,3.6,6,2.302172887,5,20,100,70,15,15,0,0,0.7,0.15,0.15,0,0,3,0.818808456,0.745311576,70,15,0,0,0,4.666666356,0,0.361848551,0.341168346,0.470588235,0.06878634,-77.53812106,NA,NA,4.1,1.1,3,0.51,46.6,190,130.9,3.1,0.86,0.36,0.07,0.7,0.24,6.9,0,8/7/2025,7.02,2.80776187,3.01818179,2.911087507,3.12925088,NA,NA,NA,NA,NA,NA,NA,NA,NA,NA,NA,0.46,6.57,NA,NA,0.007,59.29021,-129.75663,5528
134,Cas_68,7/21/2025,L,14:06,14:00,0.00025601,-0.21041992,0.354792692,-0.218163373,1730,27.6,16.9,8.5,6.2,6.633333333,4,Prostrate Shrub,Net-leaved Willow,18.23,9,5,15,20,13.33333333,3,6,4,0,5,7/21/2025,3.6,6,2.302172887,5,20,100,70,15,15,0,0,0.7,0.15,0.15,0,0,3,0.818808456,0.745311576,70,15,0,0,0,4.666666356,0,0.361848551,0.341168346,0.470588235,0.06878634,-77.53812106,NA,NA,4.1,1.1,3,0.51,46.6,190,130.9,3.1,0.86,0.36,0.07,0.7,0.24,6.9,0,8/7/2025,7.02,2.80776187,3.01818179,2.911087507,3.12925088,NA,NA,NA,NA,NA,NA,NA,NA,NA,NA,NA,0.46,6.57,NA,NA,0.007,NA,NA,NA
135,Cas_69,7/21/2025,D,14:11,14:29,0.000194943,1.353597235,0.270163105,1.403409613,1397,29.2,17.2,10.1,7.9,18.83333333,6,Graminoid,Meadow,18.23,16,30,22,20,24,6,8,5,5,6,7/21/2025,6,8,1.224744871,20,30,100,15,10,75,0,0,0.15,0.1,0.75,0,0,3,0.730588061,0.665009912,15,75,0,0,0,0.199999997,0,0.352787763,0.344537815,0.425806452,0.065502212,-94.46004883,NA,NA,NA,NA,NA,NA,NA,NA,NA,NA,NA,NA,NA,NA,NA,NA,NA,8/7/2025,NA,1.353597235,1.833320576,1.403409613,1.900786773,NA,NA,NA,NA,NA,NA,NA,NA,NA,NA,NA,0.68,10.94,NA,NA,NA,59.29017,-129.75665,5525
136,Cas_69,7/21/2025,L,14:19,14:11,-0.0000152,-0.479723341,-0.020996125,-0.49737716,1397,29.2,17.2,10.1,7.9,18.83333333,6,Graminoid,Meadow,18.23,16,30,22,20,24,6,8,5,5,6,7/21/2025,6,8,1.224744871,20,30,100,15,10,75,0,0,0.15,0.1,0.75,0,0,3,0.730588061,0.665009912,15,75,0,0,0,0.199999997,0,0.352787763,0.344537815,0.425806452,0.065502212,-94.46004883,NA,NA,NA,NA,NA,NA,NA,NA,NA,NA,NA,NA,NA,NA,NA,NA,NA,8/7/2025,NA,1.353597235,1.833320576,1.403409613,1.900786773,NA,NA,NA,NA,NA,NA,NA,NA,NA,NA,NA,0.68,10.94,NA,NA,NA,NA,NA,NA
137,Cas_7,7/21/2025,D,14:25,14:43,-0.0000881,1.254193135,-0.122151941,1.300347442,1577,39.4,16.7,14.7,8.1,19.46666667,4,Prostrate Shrub,Net-leaved Willow,18.23,2,23,20,13,18.66666667,1,3,6,4,5,7/21/2025,3.8,6,1.923538406,13,23,100,70,20,10,0,0,0.7,0.2,0.1,0,0,3,0.801818553,0.729846699,70,10,0,0,0,6.9999993,0,NA,NA,NA,NA,NA,NA,NA,3.5,0,3.5,3.52,35.7,905,468.5,10.9,2.01,0.95,0.03,1.95,0.01,5,0.042,8/6/2025,NA,1.254193135,1.474306347,1.300347442,1.52856082,NA,NA,NA,NA,NA,NA,NA,NA,NA,NA,NA,0.46,5.71,NA,NA,0.011,59.29014,-129.75666,5525
138,Cas_7,7/21/2025,L,14:33,14:25,0.000106104,-0.220113212,0.147044922,-0.228213378,1577,39.4,16.7,14.7,8.1,19.46666667,4,Prostrate Shrub,Net-leaved Willow,18.23,2,23,20,13,18.66666667,1,3,6,4,5,7/21/2025,3.8,6,1.923538406,13,23,100,70,20,10,0,0,0.7,0.2,0.1,0,0,3,0.801818553,0.729846699,70,10,0,0,0,6.9999993,0,NA,NA,NA,NA,NA,NA,NA,3.5,0,3.5,3.52,35.7,905,468.5,10.9,2.01,0.95,0.03,1.95,0.01,5,0.042,8/6/2025,NA,1.254193135,1.474306347,1.300347442,1.52856082,NA,NA,NA,NA,NA,NA,NA,NA,NA,NA,NA,0.46,5.71,NA,NA,0.011,NA,NA,NA
139,Cas_70,7/21/2025,D,14:40,14:59,0.000767376,1.732794454,1.063472767,1.79656129,1897,25.5,18.7,10.7,9.1,14,2,Prostrate Shrub,Net-leaved Willow,18.23,12,17,20,5,14,0,3,2,1,3,7/21/2025,1.8,3,1.303840481,5,20,100,75,24,1,0,0,0.75,0.24,0.01,0,0,3,0.604321182,0.550076845,75,1,0,0,0,74.999925,0,0.39792351,0.366666667,0.523489933,0.105864391,0.747267565,NA,NA,NA,NA,NA,NA,NA,NA,NA,NA,NA,NA,NA,NA,NA,NA,NA,8/7/2025,NA,1.732794454,2.108413407,1.79656129,2.18600302,NA,NA,NA,NA,NA,NA,NA,NA,NA,NA,NA,0.47,6.44,NA,NA,NA,59.2901,-129.75668,5522
140,Cas_70,7/21/2025,L,14:48,14:40,-0.000508868,-0.375618953,-0.705218152,-0.389441731,1897,25.5,18.7,10.7,9.1,14,2,Prostrate Shrub,Net-leaved Willow,18.23,12,17,20,5,14,0,3,2,1,3,7/21/2025,1.8,3,1.303840481,5,20,100,75,24,1,0,0,0.75,0.24,0.01,0,0,3,0.604321182,0.550076845,75,1,0,0,0,74.999925,0,0.39792351,0.366666667,0.523489933,0.105864391,0.747267565,NA,NA,NA,NA,NA,NA,NA,NA,NA,NA,NA,NA,NA,NA,NA,NA,NA,8/7/2025,NA,1.732794454,2.108413407,1.79656129,2.18600302,NA,NA,NA,NA,NA,NA,NA,NA,NA,NA,NA,0.47,6.44,NA,NA,NA,NA,NA,NA
141,Cas_71,7/21/2025,D,14:54,15:12,-0.0000521,0.445942999,-0.072239558,0.462353702,1720,23.3,20,10.6,5.7,14.8,4,Prostrate Shrub,Net-leaved Willow,18.23,4,26,14,8,16,3,1,5,3,6,7/21/2025,3.6,6,1.949358869,8,26,100,80,10,10,0,0,0.8,0.1,0.1,0,0,3,0.63903186,0.581671866,80,10,0,0,0,7.9999992,0,0.451244865,0.421985816,0.607843137,0.158222616,-21.62056446,NA,NA,3.9,0.9,3,3.07,92.5,134,122.6,3,0.79,1.02,0.05,1.3,0.7,10.6,0.009,8/7/2025,6.99,0.445942999,0.095042283,0.462353702,0.098539839,NA,NA,NA,NA,NA,NA,NA,NA,NA,NA,NA,0.69,9.93,NA,NA,NA,59.28995,-129.75658,5511
142,Cas_71,7/21/2025,L,15:01,14:54,0.0000609,0.350900716,0.084462288,0.363813862,1720,23.3,20,10.6,5.7,14.8,4,Prostrate Shrub,Net-leaved Willow,18.23,4,26,14,8,16,3,1,5,3,6,7/21/2025,3.6,6,1.949358869,8,26,100,80,10,10,0,0,0.8,0.1,0.1,0,0,3,0.63903186,0.581671866,80,10,0,0,0,7.9999992,0,0.451244865,0.421985816,0.607843137,0.158222616,-21.62056446,NA,NA,3.9,0.9,3,3.07,92.5,134,122.6,3,0.79,1.02,0.05,1.3,0.7,10.6,0.009,8/7/2025,6.99,0.445942999,0.095042283,0.462353702,0.098539839,NA,NA,NA,NA,NA,NA,NA,NA,NA,NA,NA,0.69,9.93,NA,NA,NA,NA,NA,NA
143,Cas_72,7/21/2025,D,15:09,15:25,0.000100206,0.9910611,0.138871216,1.027532149,1382,23,21.1,7.7,6.8,23.86666667,2,Barren,Barren,18.23,4,15,23,21,19.66666667,2,3,0,5,2,7/21/2025,2.4,5,1.816590212,15,23,100,0,80,10,10,0,0,0.8,0.1,0.1,0,3,0.63903186,0.581671866,0,10,10,0,0,0,0,0.346219293,0.339285714,0.417989418,0.037977022,-104.9780195,NA,NA,4.3,1,3.3,2.63,19.5,321,320.5,4.3,1.05,0.72,0.05,0.68,0.06,3.7,0.003,8/7/2025,6.93,0.9910611,1.200098946,1.027532149,1.244262587,NA,NA,NA,NA,NA,NA,NA,NA,NA,NA,NA,0.44,6.12,NA,NA,NA,59.29,-129.75655,5516
144,Cas_72,7/21/2025,L,15:17,15:09,-0.000302334,-0.209037846,-0.418991911,-0.216730438,1382,23,21.1,7.7,6.8,23.86666667,2,Barren,Barren,18.23,4,15,23,21,19.66666667,2,3,0,5,2,7/21/2025,2.4,5,1.816590212,15,23,100,0,80,10,10,0,0,0.8,0.1,0.1,0,3,0.63903186,0.581671866,0,10,10,0,0,0,0,0.346219293,0.339285714,0.417989418,0.037977022,-104.9780195,NA,NA,4.3,1,3.3,2.63,19.5,321,320.5,4.3,1.05,0.72,0.05,0.68,0.06,3.7,0.003,8/7/2025,6.93,0.9910611,1.200098946,1.027532149,1.244262587,NA,NA,NA,NA,NA,NA,NA,NA,NA,NA,NA,0.44,6.12,NA,NA,NA,NA,NA,NA
145,Cas_73,7/21/2025,D,15:23,15:38,-0.000357357,6.933481161,-0.495245019,7.188633268,1979,17.1,19.2,8.3,6.5,20.33333333,4,Prostrate Shrub,Net-leaved Willow,18.23,16,17,18,15,16.66666667,4,3,5,3,5,7/21/2025,4,5,1,15,18,100,90,5,5,0,0,0.9,0.05,0.05,0,0,3,0.394397691,0.35899625,90,5,0,0,0,17.9999964,0,0.460675134,0.446601942,0.571428571,0.292994456,1.186619805,0.093221289,1.857142857,NA,NA,NA,NA,NA,NA,NA,NA,NA,NA,NA,NA,NA,NA,NA,8/7/2025,NA,6.933481161,8.18067002,7.188633268,8.481718677,0,7.7305,22.8333,11.7282,0.0058,42.2978,0,0.182763643,0.539822402,0.277276832,0.000137123,0.31,3.92,49.26739927,NA,NA,59.29004,-129.75652,5519
146,Cas_73,7/21/2025,L,15:29,15:23,-0.000940457,-1.247188859,-1.303337599,-1.293085409,1979,17.1,19.2,8.3,6.5,20.33333333,4,Prostrate Shrub,Net-leaved Willow,18.23,16,17,18,15,16.66666667,4,3,5,3,5,7/21/2025,4,5,1,15,18,100,90,5,5,0,0,0.9,0.05,0.05,0,0,3,0.394397691,0.35899625,90,5,0,0,0,17.9999964,0,0.460675134,0.446601942,0.571428571,0.292994456,1.186619805,0.093221289,1.857142857,NA,NA,NA,NA,NA,NA,NA,NA,NA,NA,NA,NA,NA,NA,NA,8/7/2025,NA,6.933481161,8.18067002,7.188633268,8.481718677,0,7.7305,22.8333,11.7282,0.0058,42.2978,0,0.182763643,0.539822402,0.277276832,0.000137123,0.31,3.92,49.26739927,NA,NA,NA,NA,NA
147,Cas_75,7/21/2025,D,15:36,15:48,0.0000226,-0.958686429,0.031374955,-0.993966089,442,20.7,18.5,10.1,7.3,24.8,1,Forb,Mountain Sagewort,18.23,0,18,23,30,23.66666667,1,0,0.5,2,0,7/21/2025,0.7,2,0.836660027,18,30,100,15,55,0,30,0,0.15,0.55,0,0.3,0,3,0.974570189,0.887092016,15,0,30,0,0,0.499999983,0,0.424220317,0.412017167,0.548076923,0.192919625,-11.3798389,NA,NA,14.8,1,13.8,1.09,99,336,345.7,5.2,0.95,2.11,0.06,0.88,0.08,3.8,0.006,8/7/2025,7.07,-0.958686429,-4.809822481,-0.993966089,-4.986823948,NA,NA,NA,NA,NA,NA,NA,NA,NA,NA,NA,1.02,15.69,NA,NA,0.027,59.29008,-129.75651,5519
148,Cas_75,7/21/2025,L,15:44,15:36,-0.00148304,3.851136052,-2.055279956,3.992857858,442,20.7,18.5,10.1,7.3,24.8,1,Forb,Mountain Sagewort,18.23,0,18,23,30,23.66666667,1,0,0.5,2,0,7/21/2025,0.7,2,0.836660027,18,30,100,15,55,0,30,0,0.15,0.55,0,0.3,0,3,0.974570189,0.887092016,15,0,30,0,0,0.499999983,0,0.424220317,0.412017167,0.548076923,0.192919625,-11.3798389,NA,NA,14.8,1,13.8,1.09,99,336,345.7,5.2,0.95,2.11,0.06,0.88,0.08,3.8,0.006,8/7/2025,7.07,-0.958686429,-4.809822481,-0.993966089,-4.986823948,NA,NA,NA,NA,NA,NA,NA,NA,NA,NA,NA,1.02,15.69,NA,NA,0.027,NA,NA,NA
149,Cas_76,7/21/2025,D,NA,NA,0.000290843,2.625276519,0.403066285,2.721886695,465,NA,16.8,10.4,7.9,17.83333333,6,Prostrate Shrub,Arctic Willow,18.23,NA,20,13,22,18.33333333,4,10,5,6,4,7/21/2025,5.8,10,2.48997992,13,22,100,40,25,15,20,0,0.4,0.25,0.15,0.2,0,4,1.319545463,0.951850848,40,15,20,0,0,1.14285711,0,0.379135592,0.364285714,0.520618557,0.119569251,-41.60177182,NA,NA,NA,NA,NA,NA,NA,NA,NA,NA,NA,NA,NA,NA,NA,NA,NA,8/7/2025,NA,2.625276519,3.299291449,2.721886695,3.420705374,NA,NA,NA,NA,NA,NA,NA,NA,NA,NA,NA,0.44,6.77,NA,NA,NA,59.29012,-129.75648,5521
150,Cas_76,7/21/2025,L,NA,NA,-0.000621402,-0.67401493,-0.861174359,-0.69881868,465,NA,16.8,10.4,7.9,17.83333333,6,Prostrate Shrub,Arctic Willow,18.23,NA,20,13,22,18.33333333,4,10,5,6,4,7/21/2025,5.8,10,2.48997992,13,22,100,40,25,15,20,0,0.4,0.25,0.15,0.2,0,4,1.319545463,0.951850848,40,15,20,0,0,1.14285711,0,0.379135592,0.364285714,0.520618557,0.119569251,-41.60177182,NA,NA,NA,NA,NA,NA,NA,NA,NA,NA,NA,NA,NA,NA,NA,NA,NA,8/7/2025,NA,2.625276519,3.299291449,2.721886695,3.420705374,NA,NA,NA,NA,NA,NA,NA,NA,NA,NA,NA,0.44,6.77,NA,NA,NA,NA,NA,NA
151,Cas_77,7/21/2025,D,15:58,NA,0.000607292,7.513891211,0.841619052,7.790402407,419,12.3,16.9,10.3,8.7,22.86666667,9,Graminoid,Meadow,18.23,4,22,30,2,11.33333333,5,8,20,0,11,7/21/2025,8.8,20,7.463243263,2,30,100,10,15,50,25,0,0.1,0.15,0.5,0.25,0,4,1.207973688,0.871368824,10,50,25,0,0,0.133333332,0,0.373447949,0.353982301,0.479768786,0.100783015,-49.15184111,NA,NA,7.4,0,7.4,2.96,51.1,322,329.3,4.7,2.18,5.51,0.06,1.6,0.23,5.2,0.017,8/7/2025,6.93,7.513891211,9.202518269,7.790402407,9.541170942,NA,NA,NA,NA,NA,NA,NA,NA,NA,NA,NA,0.5,7.1,NA,NA,0.006,59.29018,-129.75647,5526
152,Cas_77,7/21/2025,L,15:55,15:58,-0.00072644,-1.688627059,-1.006741824,-1.750768534,419,12.3,16.9,10.3,8.7,22.86666667,9,Graminoid,Meadow,18.23,4,22,30,2,11.33333333,5,8,20,0,11,7/21/2025,8.8,20,7.463243263,2,30,100,10,15,50,25,0,0.1,0.15,0.5,0.25,0,4,1.207973688,0.871368824,10,50,25,0,0,0.133333332,0,0.373447949,0.353982301,0.479768786,0.100783015,-49.15184111,NA,NA,7.4,0,7.4,2.96,51.1,322,329.3,4.7,2.18,5.51,0.06,1.6,0.23,5.2,0.017,8/7/2025,6.93,7.513891211,9.202518269,7.790402407,9.541170942,NA,NA,NA,NA,NA,NA,NA,NA,NA,NA,NA,0.5,7.1,NA,NA,0.006,NA,NA,NA
153,Cas_78,7/21/2025,D,16:10,16:13,-0.0000362,3.975257693,-0.050213783,4.121547177,878,31,20.3,11.1,9.7,27.83333333,4,Forb,Mountain Sagewort,18.23,13,4,20,22,18.66666667,3,0.5,4,5,8,7/21/2025,4.1,8,2.747726333,4,22,100,5,20,25,50,0,0.05,0.2,0.25,0.5,0,4,1.164821377,0.840241012,5,25,50,0,0,0.066666666,0,0.39357133,0.380952381,0.505494505,0.135061407,-29.84615677,NA,NA,NA,NA,NA,NA,NA,NA,NA,NA,NA,NA,NA,NA,NA,NA,NA,8/7/2025,NA,3.975257693,6.393343277,4.121547177,6.62861831,NA,NA,NA,NA,NA,NA,NA,NA,NA,NA,NA,0.5,6.63,NA,NA,NA,59.29023,-129.75648,5528
154,Cas_78,7/21/2025,L,16:05,16:10,-0.000833756,-2.418085584,-1.155465449,-2.507071134,878,31,20.3,11.1,9.7,27.83333333,4,Forb,Mountain Sagewort,18.23,13,4,20,22,18.66666667,3,0.5,4,5,8,7/21/2025,4.1,8,2.747726333,4,22,100,5,20,25,50,0,0.05,0.2,0.25,0.5,0,4,1.164821377,0.840241012,5,25,50,0,0,0.066666666,0,0.39357133,0.380952381,0.505494505,0.135061407,-29.84615677,NA,NA,NA,NA,NA,NA,NA,NA,NA,NA,NA,NA,NA,NA,NA,NA,NA,8/7/2025,NA,3.975257693,6.393343277,4.121547177,6.62861831,NA,NA,NA,NA,NA,NA,NA,NA,NA,NA,NA,0.5,6.63,NA,NA,NA,NA,NA,NA
155,Cas_79,7/21/2025,D,16:21,16:25,-0.000533045,2.53734205,-0.738723377,2.630716237,727,19.5,15.4,14.2,11.3,14.86666667,3,Prostrate Shrub,Arctic Willow,18.23,1,16,2,16,17.33333333,4,0,0,8,5,7/21/2025,3.4,8,3.435112807,2,16,100,60,20,10,10,0,0.6,0.2,0.1,0.1,0,4,1.088899975,0.785475297,60,10,10,0,0,2.99999985,0,0.416928758,0.403726708,0.54676259,0.146274575,33.91583186,NA,NA,NA,NA,NA,NA,NA,NA,NA,NA,NA,NA,NA,NA,NA,NA,NA,8/7/2025,NA,2.53734205,4.596041473,2.630716237,4.765175799,NA,NA,NA,NA,NA,NA,NA,NA,NA,NA,NA,0.82,11.43,NA,NA,NA,59.29026,-129.75646,5528
156,Cas_79,7/21/2025,L,16:16,16:21,-0.00232096,-2.058699423,-3.216516305,-2.134459561,727,19.5,15.4,14.2,11.3,14.86666667,3,Prostrate Shrub,Arctic Willow,18.23,1,16,2,16,17.33333333,4,0,0,8,5,7/21/2025,3.4,8,3.435112807,2,16,100,60,20,10,10,0,0.6,0.2,0.1,0.1,0,4,1.088899975,0.785475297,60,10,10,0,0,2.99999985,0,0.416928758,0.403726708,0.54676259,0.146274575,33.91583186,NA,NA,NA,NA,NA,NA,NA,NA,NA,NA,NA,NA,NA,NA,NA,NA,NA,8/7/2025,NA,2.53734205,4.596041473,2.630716237,4.765175799,NA,NA,NA,NA,NA,NA,NA,NA,NA,NA,NA,0.82,11.43,NA,NA,NA,NA,NA,NA
157,Cas_8,7/21/2025,D,16:33,16:36,0.00054356,-0.066795017,0.753296169,-0.069253074,2044,33.4,24.1,17.9,7.2,23.43333333,2,Barren,Barren,18.23,13,16,21,14,17,3,1,1,2,1,7/21/2025,1.6,3,0.894427191,14,21,100,7,88,5,0,0,0.07,0.88,0.05,0,0,3,0.448428183,0.408176923,7,5,0,0,0,1.39999972,0,0.328115464,0.33431085,0.362903226,0.012547004,-95.63484243,NA,NA,NA,NA,NA,NA,NA,NA,NA,NA,NA,NA,NA,NA,NA,NA,NA,8/6/2025,NA,-0.066795017,-0.608357143,-0.069253074,-0.630744686,NA,NA,NA,NA,NA,NA,NA,NA,NA,NA,NA,0.64,10.13,NA,NA,NA,59.29031,-129.75645,5531
158,Cas_8,7/21/2025,L,16:29,16:33,-0.000846126,0.541562126,-1.172608663,0.561491612,2044,33.4,24.1,17.9,7.2,23.43333333,2,Barren,Barren,18.23,13,16,21,14,17,3,1,1,2,1,7/21/2025,1.6,3,0.894427191,14,21,100,7,88,5,0,0,0.07,0.88,0.05,0,0,3,0.448428183,0.408176923,7,5,0,0,0,1.39999972,0,0.328115464,0.33431085,0.362903226,0.012547004,-95.63484243,NA,NA,NA,NA,NA,NA,NA,NA,NA,NA,NA,NA,NA,NA,NA,NA,NA,8/6/2025,NA,-0.066795017,-0.608357143,-0.069253074,-0.630744686,NA,NA,NA,NA,NA,NA,NA,NA,NA,NA,NA,0.64,10.13,NA,NA,NA,NA,NA,NA
159,Cas_80,7/21/2025,D,16:42,16:46,-0.002357412,7.064128645,-3.26703293,7.324088579,631,21.4,17,14.7,12.2,25,4,Graminoid,Meadow,18.23,18,12,19,25,18.66666667,6,3,0,1,8,7/21/2025,3.6,8,3.361547263,12,25,100,0,5,65,30,0,0,0.05,0.65,0.3,0,3,0.79098735,0.719987714,0,65,30,0,0,0,0,0.363622617,0.343669251,0.464864865,0.07712856,-96.49264518,0.182562092,9.846498599,NA,NA,NA,NA,NA,NA,NA,NA,NA,NA,NA,NA,NA,NA,NA,8/7/2025,NA,7.064128645,8.193591519,7.324088579,8.495115687,1.5763,3.7717,1.4574,10.3466,17.2765,34.4285,0.045784742,0.10955168,0.042331208,0.300524275,0.501808095,0.77,11.04,76.72847929,0.614181407,NA,59.29034,-129.75642,5531
160,Cas_80,7/21/2025,L,16:39,16:42,-0.001222984,-1.129462874,-1.694879384,-1.171027108,631,21.4,17,14.7,12.2,25,4,Graminoid,Meadow,18.23,18,12,19,25,18.66666667,6,3,0,1,8,7/21/2025,3.6,8,3.361547263,12,25,100,0,5,65,30,0,0,0.05,0.65,0.3,0,3,0.79098735,0.719987714,0,65,30,0,0,0,0,0.363622617,0.343669251,0.464864865,0.07712856,-96.49264518,0.182562092,9.846498599,NA,NA,NA,NA,NA,NA,NA,NA,NA,NA,NA,NA,NA,NA,NA,8/7/2025,NA,7.064128645,8.193591519,7.324088579,8.495115687,1.5763,3.7717,1.4574,10.3466,17.2765,34.4285,0.045784742,0.10955168,0.042331208,0.300524275,0.501808095,0.77,11.04,76.72847929,0.614181407,NA,NA,NA,NA
161,Cas_81,7/23/2025,D,12:10,12:13,0.001044131,9.070714629,1.447015578,9.404516927,593,13.1,11.8,9.9,9.2,27.06666667,9,Graminoid,Meadow,20.89525,3,26,12,14,17.33333333,10,7,9,6,14,7/23/2025,9.2,14,3.1144823,12,26,100,0,10,70,20,0,0,0.1,0.7,0.2,0,3,0.801818553,0.729846699,0,70,20,0,0,0,0,0.371525241,0.353174603,0.469879518,0.111236646,-18.93366932,NA,NA,1.9,0.4,1.5,9.56,122.5,559,437.4,9.7,1.64,2.82,0.07,1.24,1.35,11.6,0.054,8/7/2025,7.08,9.070714629,14.06778141,9.404516927,14.58547577,NA,NA,NA,NA,NA,NA,NA,NA,NA,NA,NA,0.33,3.89,NA,NA,0.007,59.29027,-129.75626,5528
162,Cas_81,7/23/2025,L,12:07,12:10,-0.00316117,-4.997066783,-4.380926821,-5.180958841,593,13.1,11.8,9.9,9.2,27.06666667,9,Graminoid,Meadow,20.89525,3,26,12,14,17.33333333,10,7,9,6,14,7/23/2025,9.2,14,3.1144823,12,26,100,0,10,70,20,0,0,0.1,0.7,0.2,0,3,0.801818553,0.729846699,0,70,20,0,0,0,0,0.371525241,0.353174603,0.469879518,0.111236646,-18.93366932,NA,NA,1.9,0.4,1.5,9.56,122.5,559,437.4,9.7,1.64,2.82,0.07,1.24,1.35,11.6,0.054,8/7/2025,7.08,9.070714629,14.06778141,9.404516927,14.58547577,NA,NA,NA,NA,NA,NA,NA,NA,NA,NA,NA,0.33,3.89,NA,NA,0.007,NA,NA,NA
163,Cas_82,7/23/2025,D,12:01,12:04,0.000470762,7.807593184,0.652408975,8.094912614,977,13.1,13.5,8.5,7.6,27.56666667,8,Forb,Mountain Sagewort,20.89525,16,23,25,17,21.66666667,10,6,5,10,8,7/23/2025,7.8,10,2.28035085,17,25,100,5,15,20,60,0,0.05,0.15,0.2,0.6,0,4,1.062737568,0.76660311,5,20,60,0,0,0.062499999,0,0.403636096,0.394495413,0.547368421,0.139770781,-27.39682355,NA,NA,NA,NA,NA,NA,NA,NA,NA,NA,NA,NA,NA,NA,NA,NA,NA,8/7/2025,NA,7.807593184,13.72881909,8.094912614,14.23403964,NA,NA,NA,NA,NA,NA,NA,NA,NA,NA,NA,0.49,6.23,NA,NA,NA,59.29022,-129.75627,5525
164,Cas_82,7/23/2025,L,11:58,12:01,-0.00210181,-5.921225908,-2.912806473,-6.139127022,977,13.1,13.5,8.5,7.6,27.56666667,8,Forb,Mountain Sagewort,20.89525,16,23,25,17,21.66666667,10,6,5,10,8,7/23/2025,7.8,10,2.28035085,17,25,100,5,15,20,60,0,0.05,0.15,0.2,0.6,0,4,1.062737568,0.76660311,5,20,60,0,0,0.062499999,0,0.403636096,0.394495413,0.547368421,0.139770781,-27.39682355,NA,NA,NA,NA,NA,NA,NA,NA,NA,NA,NA,NA,NA,NA,NA,NA,NA,8/7/2025,NA,7.807593184,13.72881909,8.094912614,14.23403964,NA,NA,NA,NA,NA,NA,NA,NA,NA,NA,NA,0.49,6.23,NA,NA,NA,NA,NA,NA
165,Cas_83,7/23/2025,D,11:51,11:55,-0.000461887,2.14469803,-0.640109538,2.223622917,571,12.4,10.9,9.5,8.6,27.33333333,2,Barren,Barren,20.89525,7,39,14,17,23.33333333,4,1,4,1,0,7/23/2025,2,4,1.870828693,14,39,100,5,80,10,5,0,0.05,0.8,0.1,0.05,0,4,0.708346578,0.510964047,5,10,5,0,0,0.333333311,0,0.337588626,0.339473684,0.43956044,0.045295633,-173.5864036,0.218859944,14.33902894,NA,NA,NA,NA,NA,NA,NA,NA,NA,NA,NA,NA,NA,NA,NA,8/7/2025,NA,2.14469803,3.0960354,2.223622917,3.209969503,0.1172,65.8448,1.1029,0,0.4062,67.4711,0.00173704,0.975896347,0.016346258,0,0.006020355,0.41,5.47,60.69469181,1.368260322,NA,59.29018,-129.75627,5522
166,Cas_83,7/23/2025,L,11:47,11:51,-0.000132014,-0.95133737,-0.182951975,-0.986346585,571,12.4,10.9,9.5,8.6,27.33333333,2,Barren,Barren,20.89525,7,39,14,17,23.33333333,4,1,4,1,0,7/23/2025,2,4,1.870828693,14,39,100,5,80,10,5,0,0.05,0.8,0.1,0.05,0,4,0.708346578,0.510964047,5,10,5,0,0,0.333333311,0,0.337588626,0.339473684,0.43956044,0.045295633,-173.5864036,0.218859944,14.33902894,NA,NA,NA,NA,NA,NA,NA,NA,NA,NA,NA,NA,NA,NA,NA,8/7/2025,NA,2.14469803,3.0960354,2.223622917,3.209969503,0.1172,65.8448,1.1029,0,0.4062,67.4711,0.00173704,0.975896347,0.016346258,0,0.006020355,0.41,5.47,60.69469181,1.368260322,NA,NA,NA,NA
167,Cas_84,7/23/2025,D,11:38,11:43,-0.000842681,4.399010824,-1.167834824,4.560894422,257,11.1,10.2,9.3,9,24.66666667,7,Forb,Mountain Sagewort,20.89525,8,7,23,15,15,5,7,8,6,9,7/23/2025,7,9,1.58113883,7,23,100,0,40,10,50,0,0,0.4,0.1,0.5,0,3,0.943348392,0.858672711,0,10,50,0,0,0,0,0.350655831,0.3375,0.451957295,0.059770565,-101.9808023,NA,NA,5.5,0.6,4.9,6.57,122,191,182.6,3.6,1.2,1.62,0.04,0.81,0.19,4.1,0.004,8/7/2025,7.1,4.399010824,4.84097022,4.560894422,5.019117924,NA,NA,NA,NA,NA,NA,NA,NA,NA,NA,NA,0.38,5.21,NA,NA,NA,59.29016,-129.75628,5522
168,Cas_84,7/23/2025,L,11:34,11:38,-0.002162085,-0.441959396,-2.996338108,-0.458223502,257,11.1,10.2,9.3,9,24.66666667,7,Forb,Mountain Sagewort,20.89525,8,7,23,15,15,5,7,8,6,9,7/23/2025,7,9,1.58113883,7,23,100,0,40,10,50,0,0,0.4,0.1,0.5,0,3,0.943348392,0.858672711,0,10,50,0,0,0,0,0.350655831,0.3375,0.451957295,0.059770565,-101.9808023,NA,NA,5.5,0.6,4.9,6.57,122,191,182.6,3.6,1.2,1.62,0.04,0.81,0.19,4.1,0.004,8/7/2025,7.1,4.399010824,4.84097022,4.560894422,5.019117924,NA,NA,NA,NA,NA,NA,NA,NA,NA,NA,NA,0.38,5.21,NA,NA,NA,NA,NA,NA
169,Cas_85,7/23/2025,D,11:24,11:29,-0.000387768,2.302865557,-0.537390981,2.38761101,466,10.9,10.4,7.9,7,30.96666667,6,Graminoid,Meadow,20.89525,5,21,10,13,14.66666667,7,12,2,4,4,7/23/2025,5.8,12,3.898717738,10,21,100,3,2,95,0,0,0.03,0.02,0.95,0,0,3,0.232165827,0.211326443,3,95,0,0,0,0.031578947,0,0.33500625,0.341269841,0.421940928,0.052932509,-66.91920821,NA,NA,NA,NA,NA,NA,NA,NA,NA,NA,NA,NA,NA,NA,NA,NA,NA,8/7/2025,NA,2.302865557,4.970635492,2.38761101,5.153554879,NA,NA,NA,NA,NA,NA,NA,NA,NA,NA,NA,0.47,6.33,NA,NA,NA,59.29011,-129.75628,5518
170,Cas_85,7/23/2025,L,11:20,11:24,-0.001244024,-2.667769935,-1.724038334,-2.765943869,466,10.9,10.4,7.9,7,30.96666667,6,Graminoid,Meadow,20.89525,5,21,10,13,14.66666667,7,12,2,4,4,7/23/2025,5.8,12,3.898717738,10,21,100,3,2,95,0,0,0.03,0.02,0.95,0,0,3,0.232165827,0.211326443,3,95,0,0,0,0.031578947,0,0.33500625,0.341269841,0.421940928,0.052932509,-66.91920821,NA,NA,NA,NA,NA,NA,NA,NA,NA,NA,NA,NA,NA,NA,NA,NA,NA,8/7/2025,NA,2.302865557,4.970635492,2.38761101,5.153554879,NA,NA,NA,NA,NA,NA,NA,NA,NA,NA,NA,0.47,6.33,NA,NA,NA,NA,NA,NA
171,Cas_86,7/23/2025,D,11:10,11:13,0.0000423,3.216826937,0.058687329,3.335206168,333,12.4,10.3,7.12,6,35.8,4,Prostrate Shrub,Arctic Willow,20.89525,8,15,18,30,21,3,4,3,5,3,7/23/2025,3.6,5,0.894427191,15,30,100,60,22,10,8,0,0.6,0.22,0.1,0.08,0,4,1.071920276,0.773227033,60,10,8,0,0,3.333333148,0,0.421546191,0.409660107,0.5625,0.15938321,-39.78720939,NA,NA,NA,NA,NA,NA,NA,NA,NA,NA,NA,NA,NA,NA,NA,NA,NA,8/7/2025,NA,3.216826937,6.726236189,3.335206168,6.973761681,NA,NA,NA,NA,NA,NA,NA,NA,NA,NA,NA,0.79,10.69,NA,NA,NA,59.29006,-129.75629,5518
172,Cas_86,7/23/2025,L,11:07,11:10,-0.001309291,-3.509409252,-1.814489339,-3.638555513,333,12.4,10.3,7.12,6,35.8,4,Prostrate Shrub,Arctic Willow,20.89525,8,15,18,30,21,3,4,3,5,3,7/23/2025,3.6,5,0.894427191,15,30,100,60,22,10,8,0,0.6,0.22,0.1,0.08,0,4,1.071920276,0.773227033,60,10,8,0,0,3.333333148,0,0.421546191,0.409660107,0.5625,0.15938321,-39.78720939,NA,NA,NA,NA,NA,NA,NA,NA,NA,NA,NA,NA,NA,NA,NA,NA,NA,8/7/2025,NA,3.216826937,6.726236189,3.335206168,6.973761681,NA,NA,NA,NA,NA,NA,NA,NA,NA,NA,NA,0.79,10.69,NA,NA,NA,NA,NA,NA
173,Cas_87,7/23/2025,D,10:57,11:03,0.0000544,-0.229638936,0.075402069,-0.238089649,301,10.8,9.7,8.4,7.3,29.83333333,2,Prostrate Shrub,Arctic Willow,20.89525,3,13,17,3,11,3,3,1,2,3,7/23/2025,2.4,3,0.894427191,3,17,100,30,30,15,25,0,0.3,0.3,0.15,0.25,0,4,1.353525271,0.976362098,30,15,25,0,0,0.749999981,0,0.368011521,0.359903382,0.517857143,0.094920434,-84.52278093,NA,NA,4.3,1,3.3,8.68,48.7,319,270.1,11.7,1.09,2.01,0.05,0.92,0.06,4.1,0,8/7/2025,7.09,-0.229638936,-1.074232817,-0.238089649,-1.113764585,NA,NA,NA,NA,NA,NA,NA,NA,NA,NA,NA,0.52,7.6,NA,NA,NA,59.29002,-129.7563,5515
174,Cas_87,7/23/2025,L,10:51,10:57,-0.000114925,0.844593881,-0.159269677,0.875674936,301,10.8,9.7,8.4,7.3,29.83333333,2,Prostrate Shrub,Arctic Willow,20.89525,3,13,17,3,11,3,3,1,2,3,7/23/2025,2.4,3,0.894427191,3,17,100,30,30,15,25,0,0.3,0.3,0.15,0.25,0,4,1.353525271,0.976362098,30,15,25,0,0,0.749999981,0,0.368011521,0.359903382,0.517857143,0.094920434,-84.52278093,NA,NA,4.3,1,3.3,8.68,48.7,319,270.1,11.7,1.09,2.01,0.05,0.92,0.06,4.1,0,8/7/2025,7.09,-0.229638936,-1.074232817,-0.238089649,-1.113764585,NA,NA,NA,NA,NA,NA,NA,NA,NA,NA,NA,0.52,7.6,NA,NA,NA,NA,NA,NA
175,Cas_88,7/23/2025,D,10:39,10:43,0.000416563,4.871463515,0.577296621,5.050733373,478,12,11.6,7.3,6.7,22.8,4,Prostrate Shrub,Net-leaved Willow,20.89525,11,21,20,38,26.33333333,3,5,3,5,3,7/23/2025,3.8,5,1.095445115,20,38,100,90,5,3,2,0,0.9,0.05,0.03,0.02,0,4,0.428048275,0.308771562,90,3,2,0,0,17.9999964,0,0.445156083,0.435643564,0.568181818,0.178224412,-5.165328649,NA,NA,NA,NA,NA,NA,NA,NA,NA,NA,NA,NA,NA,NA,NA,NA,NA,8/7/2025,NA,4.871463515,8.855137898,5.050733373,9.181006972,NA,NA,NA,NA,NA,NA,NA,NA,NA,NA,NA,0.33,4.36,NA,NA,NA,59.28996,-129.7563,5512
176,Cas_88,7/23/2025,L,10:35,10:39,-0.000673279,-3.983674383,-0.933068365,-4.1302736,478,12,11.6,7.3,6.7,22.8,4,Prostrate Shrub,Net-leaved Willow,20.89525,11,21,20,38,26.33333333,3,5,3,5,3,7/23/2025,3.8,5,1.095445115,20,38,100,90,5,3,2,0,0.9,0.05,0.03,0.02,0,4,0.428048275,0.308771562,90,3,2,0,0,17.9999964,0,0.445156083,0.435643564,0.568181818,0.178224412,-5.165328649,NA,NA,NA,NA,NA,NA,NA,NA,NA,NA,NA,NA,NA,NA,NA,NA,NA,8/7/2025,NA,4.871463515,8.855137898,5.050733373,9.181006972,NA,NA,NA,NA,NA,NA,NA,NA,NA,NA,NA,0.33,4.36,NA,NA,NA,NA,NA,NA
177,Cas_89,7/23/2025,D,10:29,10:32,-0.00046571,8.070929273,-0.645407019,8.36793947,684,11.5,10.8,6.8,5.8,25.1,7,Forb,Mountain Sagewort,20.89525,6,25,25,19,23,6,7,8,7,8,7/23/2025,7.2,8,0.836660027,19,25,100,5,23,20,52,0,0.05,0.23,0.2,0.52,0,4,1.149741432,0.829363131,5,20,52,0,0,0.069444443,0,0.395549078,0.387959866,0.509803922,0.129716903,-9.104038064,0.067745098,2.937908497,NA,NA,NA,NA,NA,NA,NA,NA,NA,NA,NA,NA,NA,NA,NA,8/7/2025,NA,8.070929273,11.53147404,8.36793947,11.95583229,4.0368,31.2599,0.5232,0,2.3069,38.1268,0.10587828,0.819893094,0.013722631,0,0.060505996,0.28,4.08,85.09322479,0.310101976,NA,59.2899,-129.75634,5505
178,Cas_89,7/23/2025,L,10:25,10:29,-0.002545252,-3.460544771,-3.527352588,-3.587892819,684,11.5,10.8,6.8,5.8,25.1,7,Forb,Mountain Sagewort,20.89525,6,25,25,19,23,6,7,8,7,8,7/23/2025,7.2,8,0.836660027,19,25,100,5,23,20,52,0,0.05,0.23,0.2,0.52,0,4,1.149741432,0.829363131,5,20,52,0,0,0.069444443,0,0.395549078,0.387959866,0.509803922,0.129716903,-9.104038064,0.067745098,2.937908497,NA,NA,NA,NA,NA,NA,NA,NA,NA,NA,NA,NA,NA,NA,NA,8/7/2025,NA,8.070929273,11.53147404,8.36793947,11.95583229,4.0368,31.2599,0.5232,0,2.3069,38.1268,0.10587828,0.819893094,0.013722631,0,0.060505996,0.28,4.08,85.09322479,0.310101976,NA,NA,NA,NA
179,Cas_9,7/21/2025,D,13:16,13:19,-0.000293489,0.561113405,-0.406734021,0.581762378,1544,36,17.5,12,8.4,24.33333333,2,Prostrate Shrub,Net-leaved Willow,18.23,7,5,29,14,16,3,2.5,2,3,1.5,7/21/2025,2.4,3,0.651920241,5,29,100,85,12,3,0,0,0.85,0.12,0.03,0,0,3,0.497769451,0.45308928,85,3,0,0,0,28.33332389,0,0.398395856,0.395886889,0.5,0.179524795,-17.10019824,NA,NA,1.7,0,1.7,0.56,50.2,410,169.6,5,0.89,0.37,0.03,0.74,0.17,5.1,0,8/6/2025,6.79,0.561113405,1.494619348,0.581762378,1.54962134,NA,NA,NA,NA,NA,NA,NA,NA,NA,NA,NA,1.83,27.78,NA,NA,0.022,59.28985,-129.75637,5502
180,Cas_9,7/21/2025,L,13:12,13:16,-0.000232457,-0.933505943,-0.322151532,-0.967858962,1544,36,17.5,12,8.4,24.33333333,2,Prostrate Shrub,Net-leaved Willow,18.23,7,5,29,14,16,3,2.5,2,3,1.5,7/21/2025,2.4,3,0.651920241,5,29,100,85,12,3,0,0,0.85,0.12,0.03,0,0,3,0.497769451,0.45308928,85,3,0,0,0,28.33332389,0,0.398395856,0.395886889,0.5,0.179524795,-17.10019824,NA,NA,1.7,0,1.7,0.56,50.2,410,169.6,5,0.89,0.37,0.03,0.74,0.17,5.1,0,8/6/2025,6.79,0.561113405,1.494619348,0.581762378,1.54962134,NA,NA,NA,NA,NA,NA,NA,NA,NA,NA,NA,1.83,27.78,NA,NA,0.022,NA,NA,NA
181,Cas_90,7/22/2025,D,13:07,13:10,-0.0000339,0.477462282,-0.046933154,0.495032894,134,14.9,13.9,8.5,7.3,29.23333333,1,Barren,Barren,21.1334375,2,20,19,10,16.33333333,3,0,0.5,0.5,0.5,7/22/2025,0.9,3,1.193733639,10,20,100,10,85,5,0,0,0.1,0.85,0.05,0,0,3,0.518186213,0.471673418,10,5,0,0,0,1.9999996,0,0.337233892,0.339901478,0.423311141,0.039984326,-91.1418458,NA,NA,3.5,0.5,3,0.63,27.9,249,309.2,3.6,1.02,1.34,0.04,0.86,0.14,4.3,0,8/7/2025,7.23,0.477462282,1.271143083,0.495032894,1.317921149,NA,NA,NA,NA,NA,NA,NA,NA,NA,NA,NA,0.41,5.45,NA,NA,NA,59.28975,-129.75613,5495
182,Cas_90,7/22/2025,L,13:04,13:07,0.000399544,-0.793680801,0.553710337,-0.822888255,134,14.9,13.9,8.5,7.3,29.23333333,1,Barren,Barren,21.1334375,2,20,19,10,16.33333333,3,0,0.5,0.5,0.5,7/22/2025,0.9,3,1.193733639,10,20,100,10,85,5,0,0,0.1,0.85,0.05,0,0,3,0.518186213,0.471673418,10,5,0,0,0,1.9999996,0,0.337233892,0.339901478,0.423311141,0.039984326,-91.1418458,NA,NA,3.5,0.5,3,0.63,27.9,249,309.2,3.6,1.02,1.34,0.04,0.86,0.14,4.3,0,8/7/2025,7.23,0.477462282,1.271143083,0.495032894,1.317921149,NA,NA,NA,NA,NA,NA,NA,NA,NA,NA,NA,0.41,5.45,NA,NA,NA,NA,NA,NA
183,Cas_91,7/22/2025,D,12:59,13:01,-0.000590459,4.582846149,-0.818291616,4.751494887,185,14.8,14.1,11.2,9.6,17.8,7,Forb,Mountain Sagewort,21.1334375,11,14,21,19,18,8,7,8,6,8,7/22/2025,7.4,8,0.894427191,14,21,100,10,1,4,85,0,0.1,0.01,0.04,0.85,0,4,0.543206334,0.391840542,10,4,85,0,0,0.112359549,0,0.425413062,0.429411765,0.555555556,0.176762778,-33.55140273,NA,NA,50.2,0.8,49.4,31.42,201.5,355,505.2,18.1,3.18,2.76,0.06,1.42,0.25,7,0.005,8/7/2025,7.16,4.582846149,4.204271832,4.751494887,4.358989035,NA,NA,NA,NA,NA,NA,NA,NA,NA,NA,NA,0.36,5.95,NA,NA,0.003,59.28981,-129.75613,5499
184,Cas_91,7/22/2025,L,12:55,12:59,-0.001680151,0.378574318,-2.328447985,0.392505852,185,14.8,14.1,11.2,9.6,17.8,7,Forb,Mountain Sagewort,21.1334375,11,14,21,19,18,8,7,8,6,8,7/22/2025,7.4,8,0.894427191,14,21,100,10,1,4,85,0,0.1,0.01,0.04,0.85,0,4,0.543206334,0.391840542,10,4,85,0,0,0.112359549,0,0.425413062,0.429411765,0.555555556,0.176762778,-33.55140273,NA,NA,50.2,0.8,49.4,31.42,201.5,355,505.2,18.1,3.18,2.76,0.06,1.42,0.25,7,0.005,8/7/2025,7.16,4.582846149,4.204271832,4.751494887,4.358989035,NA,NA,NA,NA,NA,NA,NA,NA,NA,NA,NA,0.36,5.95,NA,NA,0.003,NA,NA,NA
185,Cas_92,7/22/2025,D,12:50,12:53,-0.000861211,2.925117008,-1.193514436,3.032761313,332,17.4,14.3,12,9.9,18.5,6,Graminoid,Meadow,21.1334375,8,29,25,22,25.33333333,0,6,6,0,2,7/22/2025,2.8,6,3.033150178,22,29,100,0,10,85,5,0,0,0.1,0.85,0.05,0,3,0.518186213,0.471673418,0,85,5,0,0,0,0,0.370483242,0.350649351,0.469230769,0.095180564,-70.06565806,NA,NA,11,0.3,10.7,21.77,51.8,379,371.6,18.7,5.71,5.71,0.06,1.42,1.04,11.2,0,8/7/2025,7.14,2.925117008,3.76756488,3.032761313,3.906211268,NA,NA,NA,NA,NA,NA,NA,NA,NA,NA,NA,0.41,6.01,NA,NA,0.004,59.28987,-129.75611,5507
186,Cas_92,7/22/2025,L,12:45,12:50,-0.000452304,-0.842447872,-0.626827627,-0.873449954,332,17.4,14.3,12,9.9,18.5,6,Graminoid,Meadow,21.1334375,8,29,25,22,25.33333333,0,6,6,0,2,7/22/2025,2.8,6,3.033150178,22,29,100,0,10,85,5,0,0,0.1,0.85,0.05,0,3,0.518186213,0.471673418,0,85,5,0,0,0,0,0.370483242,0.350649351,0.469230769,0.095180564,-70.06565806,NA,NA,11,0.3,10.7,21.77,51.8,379,371.6,18.7,5.71,5.71,0.06,1.42,1.04,11.2,0,8/7/2025,7.14,2.925117008,3.76756488,3.032761313,3.906211268,NA,NA,NA,NA,NA,NA,NA,NA,NA,NA,NA,0.41,6.01,NA,NA,0.004,NA,NA,NA
187,Cas_93,7/22/2025,D,12:39,12:43,-0.00166117,1.381428957,-2.302142015,1.432265542,1434,21,18,9,7.9,17.33333333,1,Barren,Barren,21.1334375,4,30,25,15,23.33333333,0,0,1,1,0.5,7/22/2025,0.5,1,0.5,15,30,100,2,95,3,0,0,0.02,0.95,0.03,0,0,3,0.232165827,0.211326443,2,3,0,0,0,0.666666444,0,0.321151659,0.333333333,0.351123596,0.005891708,-124.4845554,NA,NA,NA,NA,NA,NA,NA,NA,NA,NA,NA,NA,NA,NA,NA,NA,NA,8/7/2025,NA,1.381428957,1.563752005,1.432265542,1.621298079,NA,NA,NA,NA,NA,NA,NA,NA,NA,NA,NA,0.26,3.72,NA,NA,NA,59.2899,-129.75606,5505
188,Cas_93,7/22/2025,L,12:33,12:39,-0.00075422,-0.182323048,-1.045240962,-0.189032537,1434,21,18,9,7.9,17.33333333,1,Barren,Barren,21.1334375,4,30,25,15,23.33333333,0,0,1,1,0.5,7/22/2025,0.5,1,0.5,15,30,100,2,95,3,0,0,0.02,0.95,0.03,0,0,3,0.232165827,0.211326443,2,3,0,0,0,0.666666444,0,0.321151659,0.333333333,0.351123596,0.005891708,-124.4845554,NA,NA,NA,NA,NA,NA,NA,NA,NA,NA,NA,NA,NA,NA,NA,NA,NA,8/7/2025,NA,1.381428957,1.563752005,1.432265542,1.621298079,NA,NA,NA,NA,NA,NA,NA,NA,NA,NA,NA,0.26,3.72,NA,NA,NA,NA,NA,NA
189,Cas_94,7/22/2025,D,12:27,12:30,0.002947793,1.735969937,4.085216525,1.79985363,1105,24.6,16.3,12,9,21.46666667,3,Prostrate Shrub,Arctic Willow,21.1334375,7,23,24,17,21.33333333,4,3,3,0,3,7/22/2025,2.6,4,1.516575089,17,24,100,60,25,15,0,0,0.6,0.25,0.15,0,0,3,0.937636962,0.853473943,60,15,0,0,0,3.999999733,0,0.361663774,0.344632768,0.487179487,0.083098265,-107.828531,0.332469655,12.75957049,NA,NA,NA,NA,NA,NA,NA,NA,NA,NA,NA,NA,NA,NA,NA,8/7/2025,NA,1.735969937,4.864114377,1.79985363,5.043113786,0,19.83366,5.7446,10.9012,1.3528,37.83226,0,0.524252582,0.151843955,0.28814562,0.035757843,0.32,5.1,38.59575446,1.097715693,0.006,59.28995,-129.75605,5512
190,Cas_94,7/22/2025,L,12:24,12:27,-0.002641058,-3.12814444,-3.660126251,-3.243260156,1105,24.6,16.3,12,9,21.46666667,3,Prostrate Shrub,Arctic Willow,21.1334375,7,23,24,17,21.33333333,4,3,3,0,3,7/22/2025,2.6,4,1.516575089,17,24,100,60,25,15,0,0,0.6,0.25,0.15,0,0,3,0.937636962,0.853473943,60,15,0,0,0,3.999999733,0,0.361663774,0.344632768,0.487179487,0.083098265,-107.828531,0.332469655,12.75957049,NA,NA,NA,NA,NA,NA,NA,NA,NA,NA,NA,NA,NA,NA,NA,8/7/2025,NA,1.735969937,4.864114377,1.79985363,5.043113786,0,19.83366,5.7446,10.9012,1.3528,37.83226,0,0.524252582,0.151843955,0.28814562,0.035757843,0.32,5.1,38.59575446,1.097715693,0.006,NA,NA,NA
191,Cas_95,7/22/2025,D,12:19,12:22,0.001969255,15.35631693,2.729103518,15.92142939,1139,24,15.8,13.7,10.9,35.43333333,7,Forb,Mountain Sagewort,21.1334375,8,21,17,23,20.33333333,7,7,7,7,7,7/22/2025,7,7,0,17,23,100,5,10,20,65,0,0.05,0.1,0.2,0.65,0,4,0.981941601,0.708321139,5,20,65,0,0,0.058823529,0,0.388985399,0.369565217,0.5,0.116117162,-14.48898879,NA,NA,5.1,0.4,4.7,10.73,118.8,699,703.4,12.9,2.69,6.97,0.09,1.5,0.88,14.1,0.03,8/7/2025,7.09,15.35631693,23.09428182,15.92142939,23.94415139,NA,NA,NA,NA,NA,NA,NA,NA,NA,NA,NA,0.89,13.32,NA,NA,0.005,59.29,-129.75605,5515
192,Cas_95,7/22/2025,L,12:15,12:19,-0.003855647,-7.737964893,-5.343371237,-8.022722001,1139,24,15.8,13.7,10.9,35.43333333,7,Forb,Mountain Sagewort,21.1334375,8,21,17,23,20.33333333,7,7,7,7,7,7/22/2025,7,7,0,17,23,100,5,10,20,65,0,0.05,0.1,0.2,0.65,0,4,0.981941601,0.708321139,5,20,65,0,0,0.058823529,0,0.388985399,0.369565217,0.5,0.116117162,-14.48898879,NA,NA,5.1,0.4,4.7,10.73,118.8,699,703.4,12.9,2.69,6.97,0.09,1.5,0.88,14.1,0.03,8/7/2025,7.09,15.35631693,23.09428182,15.92142939,23.94415139,NA,NA,NA,NA,NA,NA,NA,NA,NA,NA,NA,0.89,13.32,NA,NA,0.005,NA,NA,NA
193,Cas_96,7/22/2025,D,12:09,12:12,0.000432183,9.599230352,0.598943731,9.952482029,1035,23.4,17.7,13.1,10.1,22.13333333,7,Forb,Mountain Sagewort,21.1334375,9,27,2,20,16.33333333,2,5,8,9,12,7/22/2025,7.2,12,3.834057903,2,27,100,5,5,15,75,0,0.05,0.05,0.15,0.75,0,4,0.799902779,0.577007887,5,15,75,0,0,0.055555555,0,0.427823265,0.429003021,0.543859649,0.213938794,-8.205277335,NA,NA,NA,NA,NA,NA,NA,NA,NA,NA,NA,NA,NA,NA,NA,NA,NA,8/7/2025,NA,9.599230352,17.60307205,9.952482029,18.2508651,NA,NA,NA,NA,NA,NA,NA,NA,NA,NA,NA,0.48,7.26,NA,NA,NA,59.29006,-129.75605,5515
194,Cas_96,7/22/2025,L,12:06,12:09,-0.002993519,-8.003841693,-4.148586204,-8.298383067,1035,23.4,17.7,13.1,10.1,22.13333333,7,Forb,Mountain Sagewort,21.1334375,9,27,2,20,16.33333333,2,5,8,9,12,7/22/2025,7.2,12,3.834057903,2,27,100,5,5,15,75,0,0.05,0.05,0.15,0.75,0,4,0.799902779,0.577007887,5,15,75,0,0,0.055555555,0,0.427823265,0.429003021,0.543859649,0.213938794,-8.205277335,NA,NA,NA,NA,NA,NA,NA,NA,NA,NA,NA,NA,NA,NA,NA,NA,NA,8/7/2025,NA,9.599230352,17.60307205,9.952482029,18.2508651,NA,NA,NA,NA,NA,NA,NA,NA,NA,NA,NA,0.48,7.26,NA,NA,NA,NA,NA,NA
195,Cas_97,7/22/2025,D,12:00,12:03,-0.002915109,5.317370711,-4.03992186,5.513049954,417,19,15,12.3,9.9,23.7,3,Prostrate Shrub,Arctic Willow,21.1334375,14,30,20,23,24.33333333,2,5,2,0,4,7/22/2025,2.6,5,1.949358869,20,30,100,50,35,0,15,0,0.5,0.35,0,0.15,0,3,0.998579332,0.908946079,50,0,15,0,0,3.333333111,0,0.337664176,0.332627119,0.442231076,0.04684084,-205.8430046,0.1964155,6.225863679,NA,NA,NA,NA,NA,NA,NA,NA,NA,NA,NA,NA,NA,NA,NA,8/7/2025,NA,5.317370711,6.228928934,5.513049954,6.458153518,0,0,1.6942,0,0,1.6942,0,0,1,0,0,0.71,10.68,72.11436281,0.713521356,NA,59.2901,-129.75604,5518
196,Cas_97,7/22/2025,L,11:57,12:00,-0.007832205,-0.911558222,-10.8543089,-0.945103565,417,19,15,12.3,9.9,23.7,3,Prostrate Shrub,Arctic Willow,21.1334375,14,30,20,23,24.33333333,2,5,2,0,4,7/22/2025,2.6,5,1.949358869,20,30,100,50,35,0,15,0,0.5,0.35,0,0.15,0,3,0.998579332,0.908946079,50,0,15,0,0,3.333333111,0,0.337664176,0.332627119,0.442231076,0.04684084,-205.8430046,0.1964155,6.225863679,NA,NA,NA,NA,NA,NA,NA,NA,NA,NA,NA,NA,NA,NA,NA,8/7/2025,NA,5.317370711,6.228928934,5.513049954,6.458153518,0,0,1.6942,0,0,1.6942,0,0,1,0,0,0.71,10.68,72.11436281,0.713521356,NA,NA,NA,NA
197,Cas_98,7/22/2025,D,11:52,11:55,-0.001360428,10.63284229,-1.885357745,11.02413088,578,18.1,15,10.8,9.2,18.43333333,4,Prostrate Shrub,Arctic Willow,21.1334375,7,15,16,28,19.66666667,3,7,2,3,4,7/22/2025,3.8,7,1.923538406,15,28,100,75,5,10,10,0,0.75,0.05,0.1,0.1,0,4,0.826065187,0.595880074,75,10,10,0,0,3.749999813,0,0.430510395,0.433198381,0.554455446,0.25306007,-23.48308956,NA,NA,NA,NA,NA,NA,NA,NA,NA,NA,NA,NA,NA,NA,NA,NA,NA,8/7/2025,NA,10.63284229,20.86439653,11.02413088,21.63220632,NA,NA,NA,NA,NA,NA,NA,NA,NA,NA,NA,0.61,10.19,NA,NA,NA,59.29014,-129.75605,5518
198,Cas_98,7/22/2025,L,11:48,11:52,-0.004986475,-10.23155424,-6.910536874,-10.60807544,578,18.1,15,10.8,9.2,18.43333333,4,Prostrate Shrub,Arctic Willow,21.1334375,7,15,16,28,19.66666667,3,7,2,3,4,7/22/2025,3.8,7,1.923538406,15,28,100,75,5,10,10,0,0.75,0.05,0.1,0.1,0,4,0.826065187,0.595880074,75,10,10,0,0,3.749999813,0,0.430510395,0.433198381,0.554455446,0.25306007,-23.48308956,NA,NA,NA,NA,NA,NA,NA,NA,NA,NA,NA,NA,NA,NA,NA,NA,NA,8/7/2025,NA,10.63284229,20.86439653,11.02413088,21.63220632,NA,NA,NA,NA,NA,NA,NA,NA,NA,NA,NA,0.61,10.19,NA,NA,NA,NA,NA,NA
199,Cas_99,7/22/2025,D,11:43,11:46,0.000926046,7.717871335,1.283366427,8.001889,609,19.8,15.2,11.8,9.3,30.86666667,7,Forb,Mountain Sagewort,21.1334375,9,17,10,19,15.33333333,8,4,10,7,8,7/22/2025,7.4,10,2.19089023,10,19,100,5,5,15,75,0,0.05,0.05,0.15,0.75,0,4,0.799902779,0.577007887,5,15,75,0,0,0.055555555,0,0.409290923,0.407407407,0.512396694,0.187555018,-28.36890239,NA,NA,NA,NA,NA,NA,NA,NA,NA,NA,NA,NA,NA,NA,NA,NA,NA,8/7/2025,NA,7.717871335,14.72169294,8.001889,15.26345124,NA,NA,NA,NA,NA,NA,NA,NA,NA,NA,NA,0.64,9.07,NA,NA,NA,59.29018,-129.75603,5522
200,Cas_99,7/22/2025,L,11:39,11:43,-0.002260885,-7.00382161,-3.133260936,-7.261562245,609,19.8,15.2,11.8,9.3,30.86666667,7,Forb,Mountain Sagewort,21.1334375,9,17,10,19,15.33333333,8,4,10,7,8,7/22/2025,7.4,10,2.19089023,10,19,100,5,5,15,75,0,0.05,0.05,0.15,0.75,0,4,0.799902779,0.577007887,5,15,75,0,0,0.055555555,0,0.409290923,0.407407407,0.512396694,0.187555018,-28.36890239,NA,NA,NA,NA,NA,NA,NA,NA,NA,NA,NA,NA,NA,NA,NA,NA,NA,8/7/2025,NA,7.717871335,14.72169294,8.001889,15.26345124,NA,NA,NA,NA,NA,NA,NA,NA,NA,NA,NA,0.64,9.07,NA,NA,NA,NA,NA,NA
